"ticker","price_date","daily_volatility"
AAPL,2025-04-11,1.68
AAPL,2025-05-11,3.12
AAPL,2025-06-11,2.13
AAPL,2023-01-12,2.33
AAPL,2023-04-12,2.60
AAPL,2023-05-12,4.22
AAPL,2023-06-12,2.65
AAPL,2023-07-12,1.41
AAPL,2023-08-12,2.32
AAPL,2023-11-12,2.07
AAPL,2023-12-12,3.00
AAPL,2024-01-12,3.15
AAPL,2024-02-12,3.46
AAPL,2024-03-12,1.40
AAPL,2024-06-12,2.24
AAPL,2024-07-12,1.06
AAPL,2024-08-12,2.85
AAPL,2024-09-12,3.58
AAPL,2024-10-12,2.44
AAPL,2025-02-12,1.06
AAPL,2025-03-12,2.41
AAPL,2025-04-12,1.49
AAPL,2025-05-12,2.67
AAPL,2024-02-01,4.55
AAPL,2024-03-01,2.45
AAPL,2024-04-01,2.21
AAPL,2024-05-01,2.59
AAPL,2024-08-01,4.10
AAPL,2024-09-01,2.42
AAPL,2024-10-01,2.48
AAPL,2024-11-01,3.43
AAPL,2024-12-01,1.55
AAPL,2025-04-01,3.33
AAPL,2025-05-01,2.63
AAPL,2025-06-01,3.31
AAPL,2025-07-01,3.13
AAPL,2025-10-01,3.07
AAPL,2025-11-01,1.92
AAPL,2025-12-01,2.04
AAPL,2026-01-01,3.16
AAPL,2026-02-01,2.82
AAPL,2026-05-01,2.62
AAPL,2026-06-01,4.33
AAPL,2026-07-01,2.75
AAPL,2024-01-02,3.13
AAPL,2024-02-02,8.08
AAPL,2024-05-02,3.41
AAPL,2024-06-02,2.54
AAPL,2024-07-02,2.44
AAPL,2024-08-02,2.19
AAPL,2024-09-02,1.99
AAPL,2024-12-02,1.88
AAPL,2025-01-02,2.70
AAPL,2025-02-02,3.09
AAPL,2025-03-02,3.14
AAPL,2025-04-02,3.18
AAPL,2025-08-02,2.43
AAPL,2025-09-02,2.23
AAPL,2025-10-02,2.50
AAPL,2025-11-02,2.81
AAPL,2026-02-02,2.11
AAPL,2026-03-02,4.36
AAPL,2026-04-02,2.99
AAPL,2026-05-02,3.04
AAPL,2024-01-03,3.15
AAPL,2024-04-03,3.11
AAPL,2024-05-03,2.42
AAPL,2024-06-03,2.56
AAPL,2024-07-03,2.24
AAPL,2024-08-03,4.76
AAPL,2024-11-03,2.33
AAPL,2024-12-03,3.02
AAPL,2025-01-03,2.43
AAPL,2025-02-03,2.26
AAPL,2025-03-03,2.33
AAPL,2025-06-03,4.19
AAPL,2025-07-03,3.58
AAPL,2025-08-03,3.58
AAPL,2025-09-03,6.65
AAPL,2025-10-03,2.99
AAPL,2026-01-03,2.49
AAPL,2026-02-03,1.84
AAPL,2026-03-03,3.49
AAPL,2026-04-03,1.72
AAPL,2024-01-04,1.77
AAPL,2024-02-04,1.11
AAPL,2024-03-04,2.10
AAPL,2024-04-04,3.10
AAPL,2024-05-04,1.44
AAPL,2024-08-04,0.96
AAPL,2024-09-04,1.73
AAPL,2024-10-04,1.98
AAPL,2024-11-04,7.30
AAPL,2024-12-04,4.15
AAPL,2025-03-04,4.13
AAPL,2025-04-04,5.49
AAPL,2025-05-04,2.65
AAPL,2025-06-04,2.09
AAPL,2025-07-04,2.32
AAPL,2025-10-04,2.49
AAPL,2025-11-04,2.13
AAPL,2025-12-04,3.09
AAPL,2026-01-04,2.46
AAPL,2026-02-04,2.16
AAPL,2026-05-04,2.93
AAPL,2026-06-04,4.99
AAPL,2024-01-05,3.60
AAPL,2024-02-05,2.53
AAPL,2024-03-05,4.34
AAPL,2024-06-05,3.78
AAPL,2024-07-05,3.58
AAPL,2024-08-05,1.62
AAPL,2024-09-05,2.55
AAPL,2024-10-05,2.96
AAPL,2025-01-05,2.48
AAPL,2025-02-05,2.01
AAPL,2025-03-05,3.28
AAPL,2025-04-05,1.44
AAPL,2025-05-05,1.63
AAPL,2025-08-05,2.91
AAPL,2025-09-05,1.81
AAPL,2025-10-05,2.55
AAPL,2025-11-05,4.37
AAPL,2025-12-05,2.54
AAPL,2026-04-05,3.90
AAPL,2026-05-05,2.74
AAPL,2026-06-05,1.55
AAPL,2026-07-05,2.66
AAPL,2024-03-06,2.47
AAPL,2024-04-06,2.29
AAPL,2024-05-06,2.03
AAPL,2024-06-06,2.33
AAPL,2024-07-06,2.80
AAPL,2024-10-06,5.15
AAPL,2024-11-06,13.53
AAPL,2024-12-06,13.30
AAPL,2025-01-06,5.15
AAPL,2025-02-06,3.87
AAPL,2025-05-06,6.23
AAPL,2025-06-06,5.63
AAPL,2025-08-06,5.39
AAPL,2025-09-06,4.78
AAPL,2025-12-06,6.11
AAPL,2026-01-06,2.77
AAPL,2026-02-06,4.22
AAPL,2026-03-06,3.39
AAPL,2026-04-06,5.77
AAPL,2024-01-07,5.59
AAPL,2024-02-07,5.28
AAPL,2024-03-07,2.52
AAPL,2024-05-07,4.80
AAPL,2024-08-07,4.60
AAPL,2024-09-07,3.03
AAPL,2024-10-07,3.83
AAPL,2024-11-07,6.62
AAPL,2024-12-07,3.96
AAPL,2025-03-07,4.14
AAPL,2025-04-07,3.94
AAPL,2025-05-07,4.82
AAPL,2025-06-07,8.17
AAPL,2025-07-07,3.52
AAPL,2025-10-07,4.69
AAPL,2025-11-07,4.26
AAPL,2025-12-07,7.67
AAPL,2026-01-07,6.23
AAPL,2026-02-07,3.48
AAPL,2026-05-07,3.55
AAPL,2026-06-07,4.21
AAPL,2026-07-07,3.19
AAPL,2024-01-08,7.46
AAPL,2024-02-08,7.89
AAPL,2024-05-08,17.50
AAPL,2024-06-08,8.92
AAPL,2024-07-08,7.25
AAPL,2024-08-08,5.37
AAPL,2024-09-08,4.81
AAPL,2024-12-08,3.91
AAPL,2025-01-08,2.88
AAPL,2025-02-08,3.33
AAPL,2025-03-08,2.59
AAPL,2025-04-08,3.18
AAPL,2025-07-08,2.95
AAPL,2025-08-08,1.72
AAPL,2025-09-08,2.93
AAPL,2025-10-08,4.44
AAPL,2025-11-08,3.89
AAPL,2026-02-08,3.39
AAPL,2026-03-08,3.96
AAPL,2026-04-08,4.18
AAPL,2026-05-08,4.04
AAPL,2026-06-08,2.92
AAPL,2024-03-09,7.83
AAPL,2024-04-09,4.30
AAPL,2024-05-09,3.96
AAPL,2024-06-09,5.47
AAPL,2024-09-09,4.56
AAPL,2024-10-09,4.75
AAPL,2024-11-09,5.20
AAPL,2024-12-09,3.73
AAPL,2025-01-09,2.13
AAPL,2025-04-09,3.30
AAPL,2025-05-09,2.40
AAPL,2025-06-09,5.17
AAPL,2025-07-09,5.19
AAPL,2025-08-09,5.47
AAPL,2025-11-09,3.64
AAPL,2025-12-09,3.62
AAPL,2026-01-09,3.27
AAPL,2026-02-09,3.09
AAPL,2026-03-09,2.22
AAPL,2026-06-09,3.35
AAPL,2024-01-10,5.91
AAPL,2024-02-10,4.35
AAPL,2024-03-10,3.49
AAPL,2024-04-10,3.87
AAPL,2024-07-10,4.36
AAPL,2024-08-10,2.73
AAPL,2024-09-10,4.92
AAPL,2024-10-10,2.33
AAPL,2024-11-10,2.07
AAPL,2025-02-10,3.13
AAPL,2025-03-10,3.13
AAPL,2025-04-10,2.28
AAPL,2025-05-10,3.33
AAPL,2025-06-10,2.17
AAPL,2025-09-10,2.40
AAPL,2025-10-10,3.62
AAPL,2025-11-10,7.38
AAPL,2025-12-10,2.41
AAPL,2026-01-10,3.65
AAPL,2026-04-10,2.18
AAPL,2026-06-10,3.92
AAPL,2026-07-10,4.46
AAPL,2024-01-11,5.08
AAPL,2024-04-11,3.08
AAPL,2024-05-11,2.81
AAPL,2024-06-11,4.88
AAPL,2024-07-11,3.31
AAPL,2024-08-11,2.25
AAPL,2024-11-11,4.20
AAPL,2024-12-11,2.23
AAPL,2025-01-11,3.89
AAPL,2025-02-11,3.87
AAPL,2025-03-11,2.65
AAPL,2025-06-11,4.57
AAPL,2025-07-11,3.50
AAPL,2025-08-11,4.04
AAPL,2025-09-11,4.45
AAPL,2025-10-11,2.66
AAPL,2026-01-11,3.51
AAPL,2026-02-11,2.24
AAPL,2026-03-11,1.88
AMZN,2025-04-11,2.07
AMZN,2025-05-11,2.57
AMZN,2025-06-11,2.60
AMZN,2023-01-12,1.70
AMZN,2023-04-12,2.54
AMZN,2023-05-12,5.44
AMZN,2023-06-12,3.57
AMZN,2023-07-12,2.58
AMZN,2023-08-12,2.44
AMZN,2023-11-12,2.55
AMZN,2023-12-12,2.20
AMZN,2024-01-12,2.64
AMZN,2024-02-12,5.02
AMZN,2024-03-12,2.69
AMZN,2024-06-12,4.80
AMZN,2024-07-12,2.43
AMZN,2024-08-12,4.07
AMZN,2024-09-12,1.87
AMZN,2024-10-12,1.64
AMZN,2025-02-12,0.95
AMZN,2025-03-12,1.66
AMZN,2025-04-12,1.13
AMZN,2025-05-12,2.86
AMZN,2024-02-01,3.99
AMZN,2024-03-01,2.72
AMZN,2024-04-01,3.33
AMZN,2024-05-01,2.06
AMZN,2024-08-01,3.25
AMZN,2024-09-01,3.50
AMZN,2024-10-01,2.54
AMZN,2024-11-01,4.05
AMZN,2024-12-01,2.19
AMZN,2025-04-01,2.84
AMZN,2025-05-01,2.24
AMZN,2025-06-01,1.96
AMZN,2025-07-01,3.02
AMZN,2025-10-01,3.15
AMZN,2025-11-01,2.28
AMZN,2025-12-01,2.03
AMZN,2026-01-01,3.96
AMZN,2026-02-01,2.81
AMZN,2026-05-01,2.39
AMZN,2026-06-01,3.24
AMZN,2026-07-01,4.20
AMZN,2024-01-02,4.14
AMZN,2024-02-02,5.17
AMZN,2024-05-02,2.85
AMZN,2024-06-02,3.06
AMZN,2024-07-02,1.94
AMZN,2024-08-02,2.55
AMZN,2024-09-02,4.42
AMZN,2024-12-02,3.85
AMZN,2025-01-02,5.20
AMZN,2025-02-02,2.93
AMZN,2025-03-02,3.58
AMZN,2025-04-02,3.25
AMZN,2025-08-02,2.97
AMZN,2025-09-02,3.09
AMZN,2025-10-02,3.03
AMZN,2025-11-02,2.05
AMZN,2026-02-02,2.11
AMZN,2026-03-02,1.76
AMZN,2026-04-02,1.78
AMZN,2026-05-02,4.37
AMZN,2024-01-03,2.66
AMZN,2024-04-03,2.65
AMZN,2024-05-03,3.63
AMZN,2024-06-03,3.20
AMZN,2024-07-03,4.27
AMZN,2024-08-03,4.46
AMZN,2024-11-03,3.00
AMZN,2024-12-03,4.78
AMZN,2025-01-03,2.07
AMZN,2025-02-03,3.06
AMZN,2025-03-03,4.03
AMZN,2025-06-03,2.41
AMZN,2025-07-03,2.57
AMZN,2025-08-03,3.89
AMZN,2025-09-03,3.27
AMZN,2025-10-03,2.51
AMZN,2026-01-03,3.75
AMZN,2026-02-03,2.50
AMZN,2026-03-03,2.69
AMZN,2026-04-03,2.44
AMZN,2024-01-04,3.05
AMZN,2024-02-04,2.41
AMZN,2024-03-04,3.07
AMZN,2024-04-04,5.10
AMZN,2024-05-04,4.30
AMZN,2024-08-04,2.48
AMZN,2024-09-04,3.14
AMZN,2024-10-04,3.60
AMZN,2024-11-04,4.26
AMZN,2024-12-04,3.30
AMZN,2025-03-04,5.69
AMZN,2025-04-04,2.57
AMZN,2025-05-04,4.75
AMZN,2025-06-04,3.74
AMZN,2025-07-04,5.56
AMZN,2025-10-04,4.31
AMZN,2025-11-04,3.95
AMZN,2025-12-04,4.14
AMZN,2026-01-04,7.60
AMZN,2026-02-04,4.69
AMZN,2026-05-04,4.14
AMZN,2026-06-04,8.19
AMZN,2024-01-05,8.59
AMZN,2024-02-05,5.19
AMZN,2024-03-05,2.45
AMZN,2024-06-05,3.95
AMZN,2024-07-05,2.63
AMZN,2024-08-05,2.04
AMZN,2024-09-05,4.26
AMZN,2024-10-05,2.96
AMZN,2025-01-05,2.95
AMZN,2025-02-05,4.27
AMZN,2025-03-05,3.99
AMZN,2025-04-05,3.85
AMZN,2025-05-05,1.95
AMZN,2025-08-05,3.39
AMZN,2025-09-05,2.51
AMZN,2025-10-05,3.25
AMZN,2025-11-05,4.68
AMZN,2025-12-05,2.14
AMZN,2026-04-05,2.75
AMZN,2026-05-05,2.53
AMZN,2026-06-05,2.98
AMZN,2026-07-05,5.34
AMZN,2024-03-06,2.78
AMZN,2024-04-06,3.38
AMZN,2024-05-06,2.75
AMZN,2024-06-06,3.51
AMZN,2024-07-06,2.93
AMZN,2024-10-06,3.44
AMZN,2024-11-06,3.23
AMZN,2024-12-06,2.92
AMZN,2025-01-06,5.00
AMZN,2025-02-06,1.49
AMZN,2025-05-06,3.78
AMZN,2025-06-06,2.86
AMZN,2025-08-06,3.79
AMZN,2025-09-06,3.42
AMZN,2025-12-06,5.67
AMZN,2026-01-06,3.42
AMZN,2026-02-06,8.54
AMZN,2026-03-06,5.64
AMZN,2026-04-06,6.35
AMZN,2024-01-07,5.48
AMZN,2024-02-07,4.50
AMZN,2024-03-07,3.27
AMZN,2024-05-07,2.38
AMZN,2024-08-07,3.24
AMZN,2024-09-07,1.52
AMZN,2024-10-07,2.42
AMZN,2024-11-07,7.41
AMZN,2024-12-07,2.64
AMZN,2025-03-07,5.36
AMZN,2025-04-07,4.38
AMZN,2025-05-07,5.59
AMZN,2025-06-07,8.23
AMZN,2025-07-07,4.82
AMZN,2025-10-07,2.58
AMZN,2025-11-07,5.83
AMZN,2025-12-07,5.04
AMZN,2026-01-07,7.10
AMZN,2026-02-07,2.95
AMZN,2026-05-07,2.37
AMZN,2026-06-07,6.48
AMZN,2026-07-07,3.48
AMZN,2024-01-08,8.73
AMZN,2024-02-08,8.22
AMZN,2024-05-08,11.35
AMZN,2024-06-08,6.54
AMZN,2024-07-08,6.15
AMZN,2024-08-08,4.14
AMZN,2024-09-08,2.70
AMZN,2024-12-08,2.44
AMZN,2025-01-08,3.94
AMZN,2025-02-08,3.42
AMZN,2025-03-08,3.92
AMZN,2025-04-08,2.08
AMZN,2025-07-08,2.14
AMZN,2025-08-08,1.58
AMZN,2025-09-08,3.50
AMZN,2025-10-08,5.79
AMZN,2025-11-08,3.73
AMZN,2026-02-08,3.17
AMZN,2026-03-08,2.64
AMZN,2026-04-08,4.77
AMZN,2026-05-08,3.48
AMZN,2026-06-08,6.30
AMZN,2024-03-09,3.00
AMZN,2024-04-09,3.44
AMZN,2024-05-09,4.88
AMZN,2024-06-09,7.22
AMZN,2024-09-09,2.34
AMZN,2024-10-09,3.71
AMZN,2024-11-09,9.26
AMZN,2024-12-09,3.87
AMZN,2025-01-09,2.59
AMZN,2025-04-09,2.45
AMZN,2025-05-09,3.31
AMZN,2025-06-09,3.74
AMZN,2025-07-09,2.52
AMZN,2025-08-09,4.43
AMZN,2025-11-09,3.88
AMZN,2025-12-09,5.24
AMZN,2026-01-09,1.79
AMZN,2026-02-09,4.99
AMZN,2026-03-09,3.56
AMZN,2026-06-09,3.84
AMZN,2024-01-10,2.74
AMZN,2024-02-10,2.56
AMZN,2024-03-10,2.56
AMZN,2024-04-10,4.00
AMZN,2024-07-10,3.35
AMZN,2024-08-10,2.17
AMZN,2024-09-10,3.80
AMZN,2024-10-10,2.30
AMZN,2024-11-10,3.63
AMZN,2025-02-10,2.47
AMZN,2025-03-10,3.83
AMZN,2025-04-10,2.17
AMZN,2025-05-10,2.94
AMZN,2025-06-10,4.46
AMZN,2025-09-10,3.06
AMZN,2025-10-10,4.54
AMZN,2025-11-10,5.47
AMZN,2025-12-10,3.25
AMZN,2026-01-10,2.92
AMZN,2026-04-10,2.00
AMZN,2026-05-10,3.64
AMZN,2026-06-10,3.19
AMZN,2026-07-10,5.37
AMZN,2024-01-11,3.48
AMZN,2024-04-11,3.02
AMZN,2024-05-11,3.83
AMZN,2024-06-11,8.41
AMZN,2024-07-11,5.06
AMZN,2024-08-11,2.52
AMZN,2024-11-11,4.06
AMZN,2024-12-11,3.53
AMZN,2025-01-11,5.95
AMZN,2025-02-11,5.02
AMZN,2025-03-11,7.73
AMZN,2025-06-11,3.72
AMZN,2025-07-11,6.52
AMZN,2025-08-11,3.68
AMZN,2025-09-11,7.74
AMZN,2025-10-11,2.51
AMZN,2026-01-11,2.95
AMZN,2026-02-11,6.21
AMZN,2026-03-11,2.59
JNJ,2025-04-11,0.97
JNJ,2025-05-11,1.13
JNJ,2025-06-11,3.22
JNJ,2023-01-12,2.99
JNJ,2023-04-12,2.02
JNJ,2023-05-12,1.41
JNJ,2023-06-12,2.49
JNJ,2023-07-12,1.87
JNJ,2023-08-12,2.01
JNJ,2023-11-12,1.13
JNJ,2023-12-12,1.67
JNJ,2024-01-12,4.17
JNJ,2024-02-12,2.11
JNJ,2024-03-12,2.93
JNJ,2024-06-12,1.68
JNJ,2024-07-12,1.56
JNJ,2024-08-12,3.55
JNJ,2024-09-12,1.83
JNJ,2024-10-12,1.51
JNJ,2025-02-12,1.50
JNJ,2025-03-12,1.10
JNJ,2025-04-12,1.25
JNJ,2025-05-12,0.92
JNJ,2024-02-01,4.85
JNJ,2024-03-01,1.64
JNJ,2024-04-01,1.56
JNJ,2024-05-01,1.87
JNJ,2024-08-01,2.05
JNJ,2024-09-01,2.68
JNJ,2024-10-01,1.42
JNJ,2024-11-01,1.42
JNJ,2024-12-01,0.78
JNJ,2025-04-01,2.07
JNJ,2025-05-01,1.43
JNJ,2025-06-01,1.68
JNJ,2025-07-01,1.64
JNJ,2025-10-01,2.24
JNJ,2025-11-01,3.60
JNJ,2025-12-01,2.44
JNJ,2026-01-01,1.15
JNJ,2026-02-01,1.38
JNJ,2026-05-01,1.11
JNJ,2026-06-01,1.63
JNJ,2026-07-01,1.95
JNJ,2024-01-02,1.44
JNJ,2024-02-02,2.37
JNJ,2024-05-02,1.55
JNJ,2024-06-02,3.13
JNJ,2024-07-02,1.68
JNJ,2024-08-02,2.03
JNJ,2024-09-02,1.53
JNJ,2024-12-02,2.06
JNJ,2025-01-02,2.70
JNJ,2025-02-02,1.62
JNJ,2025-03-02,2.59
JNJ,2025-04-02,1.59
JNJ,2025-08-02,2.17
JNJ,2025-09-02,1.56
JNJ,2025-10-02,2.97
JNJ,2025-11-02,2.09
JNJ,2026-02-02,1.44
JNJ,2026-03-02,1.40
JNJ,2026-04-02,1.32
JNJ,2026-05-02,1.25
JNJ,2024-01-03,1.48
JNJ,2024-04-03,3.34
JNJ,2024-05-03,2.04
JNJ,2024-06-03,1.71
JNJ,2024-07-03,2.12
JNJ,2024-08-03,1.96
JNJ,2024-11-03,2.44
JNJ,2024-12-03,1.98
JNJ,2025-01-03,2.87
JNJ,2025-02-03,2.85
JNJ,2025-03-03,2.09
JNJ,2025-06-03,2.19
JNJ,2025-07-03,1.20
JNJ,2025-08-03,1.23
JNJ,2025-09-03,1.85
JNJ,2025-10-03,1.25
JNJ,2026-01-03,1.08
JNJ,2026-02-03,1.47
JNJ,2026-03-03,2.78
JNJ,2026-04-03,1.03
JNJ,2024-01-04,1.38
JNJ,2024-02-04,1.88
JNJ,2024-03-04,3.80
JNJ,2024-04-04,3.09
JNJ,2024-05-04,1.40
JNJ,2024-08-04,1.48
JNJ,2024-09-04,1.59
JNJ,2024-10-04,2.06
JNJ,2024-11-04,2.48
JNJ,2024-12-04,1.92
JNJ,2025-03-04,2.12
JNJ,2025-04-04,2.86
JNJ,2025-05-04,1.87
JNJ,2025-06-04,2.67
JNJ,2025-07-04,3.59
JNJ,2025-10-04,2.97
JNJ,2025-11-04,2.29
JNJ,2025-12-04,2.13
JNJ,2026-01-04,3.25
JNJ,2026-02-04,1.23
JNJ,2026-05-04,1.23
JNJ,2026-06-04,2.35
JNJ,2024-01-05,4.23
JNJ,2024-02-05,3.19
JNJ,2024-03-05,2.07
JNJ,2024-06-05,2.14
JNJ,2024-07-05,1.28
JNJ,2024-08-05,1.03
JNJ,2024-09-05,1.21
JNJ,2024-10-05,0.90
JNJ,2025-01-05,2.29
JNJ,2025-02-05,1.51
JNJ,2025-03-05,1.65
JNJ,2025-04-05,2.05
JNJ,2025-05-05,1.15
JNJ,2025-08-05,2.13
JNJ,2025-09-05,1.80
JNJ,2025-10-05,3.76
JNJ,2025-11-05,3.46
JNJ,2025-12-05,3.05
JNJ,2026-04-05,2.64
JNJ,2026-05-05,1.71
JNJ,2026-06-05,1.59
JNJ,2026-07-05,2.29
JNJ,2024-03-06,2.13
JNJ,2024-04-06,2.12
JNJ,2024-05-06,2.14
JNJ,2024-06-06,2.34
JNJ,2024-07-06,1.96
JNJ,2024-10-06,1.96
JNJ,2024-11-06,1.72
JNJ,2024-12-06,2.43
JNJ,2025-01-06,2.12
JNJ,2025-02-06,1.49
JNJ,2025-05-06,1.69
JNJ,2025-06-06,1.13
JNJ,2025-08-06,3.07
JNJ,2025-09-06,1.71
JNJ,2025-12-06,1.55
JNJ,2026-01-06,2.26
JNJ,2026-02-06,1.41
JNJ,2026-03-06,2.52
JNJ,2026-04-06,1.42
JNJ,2024-01-07,3.08
JNJ,2024-02-07,1.41
JNJ,2024-03-07,1.91
JNJ,2024-05-07,2.05
JNJ,2024-08-07,1.97
JNJ,2024-09-07,1.95
JNJ,2024-10-07,2.79
JNJ,2024-11-07,1.94
JNJ,2024-12-07,1.64
JNJ,2025-03-07,1.38
JNJ,2025-04-07,1.92
JNJ,2025-05-07,6.07
JNJ,2025-06-07,2.45
JNJ,2025-07-07,2.39
JNJ,2025-10-07,1.52
JNJ,2025-11-07,1.93
JNJ,2025-12-07,4.08
JNJ,2026-01-07,4.58
JNJ,2026-02-07,2.11
JNJ,2026-05-07,1.95
JNJ,2026-06-07,3.19
JNJ,2026-07-07,2.61
JNJ,2024-01-08,3.10
JNJ,2024-02-08,3.85
JNJ,2024-05-08,5.20
JNJ,2024-06-08,2.54
JNJ,2024-07-08,2.43
JNJ,2024-08-08,2.67
JNJ,2024-09-08,1.59
JNJ,2024-12-08,2.99
JNJ,2025-01-08,3.93
JNJ,2025-02-08,2.15
JNJ,2025-03-08,1.66
JNJ,2025-04-08,1.76
JNJ,2025-07-08,1.16
JNJ,2025-08-08,1.26
JNJ,2025-09-08,1.17
JNJ,2025-10-08,1.70
JNJ,2025-11-08,2.52
JNJ,2026-02-08,2.17
JNJ,2026-03-08,1.88
JNJ,2026-04-08,2.29
JNJ,2026-05-08,1.36
JNJ,2026-06-08,2.17
JNJ,2024-03-09,3.04
JNJ,2024-04-09,2.81
JNJ,2024-05-09,2.54
JNJ,2024-06-09,1.82
JNJ,2024-09-09,2.94
JNJ,2024-10-09,1.71
JNJ,2024-11-09,2.70
JNJ,2024-12-09,2.39
JNJ,2025-01-09,1.93
JNJ,2025-04-09,1.47
JNJ,2025-05-09,1.79
JNJ,2025-06-09,2.61
JNJ,2025-07-09,1.95
JNJ,2025-08-09,1.32
JNJ,2025-11-09,1.78
JNJ,2025-12-09,1.94
JNJ,2026-01-09,2.96
JNJ,2026-02-09,1.52
JNJ,2026-03-09,2.09
JNJ,2026-06-09,1.50
JNJ,2024-01-10,1.57
JNJ,2024-02-10,1.47
JNJ,2024-03-10,1.22
JNJ,2024-04-10,1.72
JNJ,2024-07-10,1.64
JNJ,2024-08-10,1.30
JNJ,2024-09-10,1.71
JNJ,2024-10-10,1.39
JNJ,2024-11-10,1.46
JNJ,2025-02-10,1.24
JNJ,2025-03-10,7.75
JNJ,2025-04-10,2.35
JNJ,2025-05-10,1.37
JNJ,2025-06-10,1.36
JNJ,2025-09-10,2.94
JNJ,2025-10-10,1.83
JNJ,2025-11-10,3.58
JNJ,2025-12-10,2.17
JNJ,2026-01-10,3.31
JNJ,2026-04-10,0.97
JNJ,2026-05-10,2.11
JNJ,2026-06-10,2.25
JNJ,2026-07-10,1.41
JNJ,2024-01-11,1.18
JNJ,2024-04-11,2.21
JNJ,2024-05-11,2.24
JNJ,2024-06-11,3.50
JNJ,2024-07-11,2.24
JNJ,2024-08-11,1.67
JNJ,2024-11-11,2.67
JNJ,2024-12-11,2.67
JNJ,2025-01-11,2.09
JNJ,2025-02-11,2.83
JNJ,2025-03-11,3.53
JNJ,2025-06-11,3.00
JNJ,2025-07-11,1.94
JNJ,2025-08-11,1.44
JNJ,2025-09-11,3.25
JNJ,2025-10-11,3.01
JNJ,2026-01-11,1.90
JNJ,2026-02-11,2.09
JNJ,2026-03-11,2.03
JPM,2025-04-11,1.15
JPM,2025-05-11,1.63
JPM,2025-06-11,1.75
JPM,2023-01-12,2.04
JPM,2023-04-12,2.17
JPM,2023-05-12,1.53
JPM,2023-06-12,3.22
JPM,2023-07-12,1.16
JPM,2023-08-12,1.80
JPM,2023-11-12,1.15
JPM,2023-12-12,1.77
JPM,2024-01-12,2.26
JPM,2024-02-12,3.13
JPM,2024-03-12,2.89
JPM,2024-06-12,1.50
JPM,2024-07-12,2.92
JPM,2024-08-12,2.96
JPM,2024-09-12,2.41
JPM,2024-10-12,1.00
JPM,2025-02-12,1.59
JPM,2025-03-12,1.89
JPM,2025-04-12,1.66
JPM,2025-05-12,1.06
JPM,2024-02-01,3.26
JPM,2024-03-01,1.67
JPM,2024-04-01,2.81
JPM,2024-05-01,1.91
JPM,2024-08-01,2.87
JPM,2024-09-01,1.69
JPM,2024-10-01,2.13
JPM,2024-11-01,1.72
JPM,2024-12-01,7.41
JPM,2025-04-01,3.79
JPM,2025-05-01,2.58
JPM,2025-06-01,2.29
JPM,2025-07-01,3.49
JPM,2025-10-01,2.27
JPM,2025-11-01,1.31
JPM,2025-12-01,2.15
JPM,2026-01-01,2.08
JPM,2026-02-01,1.28
JPM,2026-05-01,1.54
JPM,2026-06-01,3.93
JPM,2026-07-01,3.96
JPM,2024-01-02,3.41
JPM,2024-02-02,2.56
JPM,2024-05-02,2.17
JPM,2024-06-02,2.11
JPM,2024-07-02,1.91
JPM,2024-08-02,1.74
JPM,2024-09-02,1.43
JPM,2024-12-02,3.11
JPM,2025-01-02,3.61
JPM,2025-02-02,1.68
JPM,2025-03-02,4.06
JPM,2025-04-02,1.82
JPM,2025-08-02,2.05
JPM,2025-09-02,2.47
JPM,2025-10-02,2.18
JPM,2025-11-02,2.01
JPM,2026-02-02,1.98
JPM,2026-03-02,1.30
JPM,2026-04-02,2.24
JPM,2026-05-02,2.58
JPM,2024-01-03,1.34
JPM,2024-04-03,3.32
JPM,2024-05-03,2.94
JPM,2024-06-03,2.44
JPM,2024-07-03,3.87
JPM,2024-08-03,2.54
JPM,2024-11-03,2.22
JPM,2024-12-03,2.25
JPM,2025-01-03,1.89
JPM,2025-02-03,4.53
JPM,2025-03-03,4.46
JPM,2025-06-03,2.81
JPM,2025-07-03,1.55
JPM,2025-08-03,2.95
JPM,2025-09-03,3.10
JPM,2025-10-03,3.94
JPM,2026-01-03,2.58
JPM,2026-02-03,2.60
JPM,2026-03-03,3.22
JPM,2026-04-03,2.18
JPM,2024-01-04,2.37
JPM,2024-02-04,1.70
JPM,2024-03-04,1.86
JPM,2024-04-04,4.13
JPM,2024-05-04,3.01
JPM,2024-08-04,1.36
JPM,2024-09-04,3.97
JPM,2024-10-04,2.89
JPM,2024-11-04,3.33
JPM,2024-12-04,6.39
JPM,2025-03-04,5.26
JPM,2025-04-04,3.51
JPM,2025-05-04,3.22
JPM,2025-06-04,3.39
JPM,2025-07-04,4.47
JPM,2025-10-04,4.15
JPM,2025-11-04,1.71
JPM,2025-12-04,3.06
JPM,2026-01-04,2.76
JPM,2026-02-04,1.81
JPM,2026-05-04,1.83
JPM,2026-06-04,3.35
JPM,2024-01-05,3.67
JPM,2024-02-05,3.98
JPM,2024-03-05,4.07
JPM,2024-06-05,2.38
JPM,2024-07-05,1.28
JPM,2024-08-05,5.65
JPM,2024-09-05,2.49
JPM,2024-10-05,1.07
JPM,2025-01-05,1.81
JPM,2025-02-05,3.42
JPM,2025-03-05,2.92
JPM,2025-04-05,2.49
JPM,2025-05-05,2.24
JPM,2025-08-05,10.48
JPM,2025-09-05,3.30
JPM,2025-10-05,3.25
JPM,2025-11-05,2.23
JPM,2025-12-05,3.20
JPM,2026-04-05,1.75
JPM,2026-05-05,2.10
JPM,2026-06-05,1.45
JPM,2026-07-05,4.95
JPM,2024-03-06,3.23
JPM,2024-04-06,3.70
JPM,2024-05-06,2.90
JPM,2024-06-06,2.69
JPM,2024-07-06,3.91
JPM,2024-10-06,2.40
JPM,2024-11-06,4.34
JPM,2024-12-06,5.41
JPM,2025-01-06,3.70
JPM,2025-02-06,3.44
JPM,2025-05-06,2.94
JPM,2025-06-06,3.83
JPM,2025-08-06,3.34
JPM,2025-09-06,2.95
JPM,2025-12-06,2.13
JPM,2026-01-06,2.33
JPM,2026-02-06,1.66
JPM,2026-03-06,2.96
JPM,2026-04-06,3.30
JPM,2024-01-07,4.43
JPM,2024-02-07,4.09
JPM,2024-03-07,2.73
JPM,2024-05-07,2.85
JPM,2024-08-07,2.93
JPM,2024-09-07,4.31
JPM,2024-10-07,2.39
JPM,2024-11-07,2.72
JPM,2024-12-07,5.35
JPM,2025-03-07,4.89
JPM,2025-04-07,5.66
JPM,2025-05-07,4.29
JPM,2025-06-07,7.40
JPM,2025-07-07,3.43
JPM,2025-10-07,2.46
JPM,2025-11-07,2.13
JPM,2025-12-07,3.96
JPM,2026-01-07,2.14
JPM,2026-02-07,4.54
JPM,2026-05-07,3.06
JPM,2026-06-07,2.83
JPM,2026-07-07,3.72
JPM,2024-01-08,7.45
JPM,2024-02-08,7.78
JPM,2024-05-08,5.27
JPM,2024-06-08,8.60
JPM,2024-07-08,5.55
JPM,2024-08-08,3.12
JPM,2024-09-08,3.57
JPM,2024-12-08,3.48
JPM,2025-01-08,2.69
JPM,2025-02-08,3.64
JPM,2025-03-08,2.79
JPM,2025-04-08,2.50
JPM,2025-07-08,1.71
JPM,2025-08-08,2.32
JPM,2025-09-08,2.16
JPM,2025-10-08,2.46
JPM,2025-11-08,2.69
JPM,2026-02-08,1.63
JPM,2026-03-08,1.23
JPM,2026-04-08,3.02
JPM,2026-05-08,4.04
JPM,2026-06-08,3.55
JPM,2024-03-09,4.86
JPM,2024-04-09,4.86
JPM,2024-05-09,4.77
JPM,2024-06-09,7.65
JPM,2024-09-09,3.97
JPM,2024-10-09,18.03
JPM,2024-11-09,5.87
JPM,2024-12-09,3.89
JPM,2025-01-09,4.83
JPM,2025-04-09,2.62
JPM,2025-05-09,2.27
JPM,2025-06-09,4.64
JPM,2025-07-09,4.57
JPM,2025-08-09,1.92
JPM,2025-11-09,1.81
JPM,2025-12-09,2.58
JPM,2026-01-09,3.63
JPM,2026-02-09,2.69
JPM,2026-03-09,3.11
JPM,2026-06-09,5.70
JPM,2024-01-10,2.90
JPM,2024-02-10,3.26
JPM,2024-03-10,2.15
JPM,2024-04-10,4.76
JPM,2024-07-10,3.64
JPM,2024-08-10,2.95
JPM,2024-09-10,4.86
JPM,2024-10-10,3.34
JPM,2024-11-10,9.47
JPM,2025-02-10,4.82
JPM,2025-03-10,3.63
JPM,2025-04-10,2.64
JPM,2025-05-10,2.54
JPM,2025-06-10,2.82
JPM,2025-09-10,2.80
JPM,2025-10-10,4.18
JPM,2025-11-10,2.27
JPM,2025-12-10,3.40
JPM,2026-01-10,4.74
JPM,2026-04-10,2.69
JPM,2026-05-10,3.94
JPM,2026-06-10,4.73
JPM,2026-07-10,3.87
JPM,2024-01-11,3.45
JPM,2024-04-11,4.59
JPM,2024-05-11,1.96
JPM,2024-06-11,13.23
JPM,2024-07-11,9.35
JPM,2024-08-11,3.56
JPM,2024-11-11,3.10
JPM,2024-12-11,2.70
JPM,2025-01-11,3.78
JPM,2025-02-11,3.24
JPM,2025-03-11,4.96
JPM,2025-06-11,5.25
JPM,2025-07-11,3.60
JPM,2025-08-11,5.97
JPM,2025-09-11,3.38
JPM,2025-10-11,6.12
JPM,2026-01-11,5.25
JPM,2026-02-11,2.66
JPM,2026-03-11,2.42
MSFT,2025-04-11,4.84
MSFT,2025-05-11,6.86
MSFT,2025-06-11,4.62
MSFT,2023-01-12,6.85
MSFT,2023-04-12,6.62
MSFT,2023-05-12,7.46
MSFT,2023-06-12,6.15
MSFT,2023-07-12,5.13
MSFT,2023-08-12,6.23
MSFT,2023-11-12,5.50
MSFT,2023-12-12,3.96
MSFT,2024-01-12,6.87
MSFT,2024-02-12,9.63
MSFT,2024-03-12,6.12
MSFT,2024-06-12,4.32
MSFT,2024-07-12,3.42
MSFT,2024-08-12,5.50
MSFT,2024-09-12,4.37
MSFT,2024-10-12,2.47
MSFT,2025-02-12,3.44
MSFT,2025-03-12,2.25
MSFT,2025-04-12,2.30
MSFT,2025-05-12,3.68
MSFT,2024-02-01,9.13
MSFT,2024-03-01,4.75
MSFT,2024-04-01,5.93
MSFT,2024-05-01,5.56
MSFT,2024-08-01,6.19
MSFT,2024-09-01,4.80
MSFT,2024-10-01,7.85
MSFT,2024-11-01,10.30
MSFT,2024-12-01,4.03
MSFT,2025-04-01,6.41
MSFT,2025-05-01,5.30
MSFT,2025-06-01,3.87
MSFT,2025-07-01,5.17
MSFT,2025-10-01,7.03
MSFT,2025-11-01,5.45
MSFT,2025-12-01,5.18
MSFT,2026-01-01,4.48
MSFT,2026-02-01,3.74
MSFT,2026-05-01,5.65
MSFT,2026-06-01,6.60
MSFT,2026-07-01,18.11
MSFT,2024-01-02,6.20
MSFT,2024-02-02,9.09
MSFT,2024-05-02,7.17
MSFT,2024-06-02,5.06
MSFT,2024-07-02,6.90
MSFT,2024-08-02,3.03
MSFT,2024-09-02,5.73
MSFT,2024-12-02,5.99
MSFT,2025-01-02,6.68
MSFT,2025-02-02,5.27
MSFT,2025-03-02,4.84
MSFT,2025-04-02,4.85
MSFT,2025-08-02,6.48
MSFT,2025-09-02,5.07
MSFT,2025-10-02,4.26
MSFT,2025-11-02,6.89
MSFT,2026-02-02,4.80
MSFT,2026-03-02,4.47
MSFT,2026-04-02,3.98
MSFT,2026-05-02,8.28
MSFT,2024-01-03,4.99
MSFT,2024-04-03,5.03
MSFT,2024-05-03,13.61
MSFT,2024-06-03,6.77
MSFT,2024-07-03,7.54
MSFT,2024-08-03,6.09
MSFT,2024-11-03,4.42
MSFT,2024-12-03,8.78
MSFT,2025-01-03,6.73
MSFT,2025-02-03,9.83
MSFT,2025-03-03,9.81
MSFT,2025-06-03,6.95
MSFT,2025-07-03,6.12
MSFT,2025-08-03,5.30
MSFT,2025-09-03,3.66
MSFT,2025-10-03,3.79
MSFT,2026-01-03,5.80
MSFT,2026-02-03,4.64
MSFT,2026-03-03,5.44
MSFT,2026-04-03,2.75
MSFT,2024-01-04,5.67
MSFT,2024-02-04,4.54
MSFT,2024-03-04,4.17
MSFT,2024-04-04,11.10
MSFT,2024-05-04,8.19
MSFT,2024-08-04,3.98
MSFT,2024-09-04,6.12
MSFT,2024-10-04,4.33
MSFT,2024-11-04,7.01
MSFT,2024-12-04,5.41
MSFT,2025-03-04,13.39
MSFT,2025-04-04,4.67
MSFT,2025-05-04,8.55
MSFT,2025-06-04,7.94
MSFT,2025-07-04,7.71
MSFT,2025-10-04,7.10
MSFT,2025-11-04,5.14
MSFT,2025-12-04,5.69
MSFT,2026-01-04,11.86
MSFT,2026-02-04,7.24
MSFT,2026-05-04,7.13
MSFT,2026-06-04,12.99
MSFT,2024-01-05,11.41
MSFT,2024-02-05,5.28
MSFT,2024-03-05,5.29
MSFT,2024-06-05,7.56
MSFT,2024-07-05,5.58
MSFT,2024-08-05,5.52
MSFT,2024-09-05,3.62
MSFT,2024-10-05,3.58
MSFT,2025-01-05,7.53
MSFT,2025-02-05,5.94
MSFT,2025-03-05,6.54
MSFT,2025-04-05,5.07
MSFT,2025-05-05,4.89
MSFT,2025-08-05,6.78
MSFT,2025-09-05,8.12
MSFT,2025-10-05,5.28
MSFT,2025-11-05,8.18
MSFT,2025-12-05,6.65
MSFT,2026-04-05,4.22
MSFT,2026-05-05,5.25
MSFT,2026-06-05,10.06
MSFT,2026-07-05,12.24
MSFT,2024-03-06,7.51
MSFT,2024-04-06,6.76
MSFT,2024-05-06,7.78
MSFT,2024-06-06,4.73
MSFT,2024-07-06,3.28
MSFT,2024-10-06,4.19
MSFT,2024-11-06,7.57
MSFT,2024-12-06,10.15
MSFT,2025-01-06,4.02
MSFT,2025-02-06,6.42
MSFT,2025-05-06,10.22
MSFT,2025-06-06,5.25
MSFT,2025-08-06,5.26
MSFT,2025-09-06,4.07
MSFT,2025-12-06,6.34
MSFT,2026-01-06,4.67
MSFT,2026-02-06,5.41
MSFT,2026-03-06,4.40
MSFT,2026-04-06,8.97
MSFT,2024-01-07,11.71
MSFT,2024-02-07,6.48
MSFT,2024-03-07,3.14
MSFT,2024-05-07,9.38
MSFT,2024-08-07,3.24
MSFT,2024-09-07,9.33
MSFT,2024-10-07,7.60
MSFT,2024-11-07,13.23
MSFT,2024-12-07,5.71
MSFT,2025-03-07,5.83
MSFT,2025-04-07,7.64
MSFT,2025-05-07,5.67
MSFT,2025-06-07,10.25
MSFT,2025-07-07,9.14
MSFT,2025-10-07,5.69
MSFT,2025-11-07,5.29
MSFT,2025-12-07,13.89
MSFT,2026-01-07,12.29
MSFT,2026-02-07,11.65
MSFT,2026-05-07,7.45
MSFT,2026-06-07,11.69
MSFT,2026-07-07,9.57
MSFT,2024-01-08,14.37
MSFT,2024-02-08,10.66
MSFT,2024-05-08,15.46
MSFT,2024-06-08,7.17
MSFT,2024-07-08,12.61
MSFT,2024-08-08,5.92
MSFT,2024-09-08,5.79
MSFT,2024-12-08,4.52
MSFT,2025-01-08,5.38
MSFT,2025-02-08,5.27
MSFT,2025-03-08,3.45
MSFT,2025-04-08,4.04
MSFT,2025-07-08,5.29
MSFT,2025-08-08,4.22
MSFT,2025-09-08,4.68
MSFT,2025-10-08,12.18
MSFT,2025-11-08,7.17
MSFT,2026-02-08,5.94
MSFT,2026-03-08,4.11
MSFT,2026-04-08,7.69
MSFT,2026-05-08,11.45
MSFT,2026-06-08,5.36
MSFT,2024-03-09,12.85
MSFT,2024-04-09,6.87
MSFT,2024-05-09,6.97
MSFT,2024-06-09,9.85
MSFT,2024-09-09,6.50
MSFT,2024-10-09,8.63
MSFT,2024-11-09,14.41
MSFT,2024-12-09,7.62
MSFT,2025-01-09,6.37
MSFT,2025-04-09,5.31
MSFT,2025-05-09,9.58
MSFT,2025-06-09,5.62
MSFT,2025-07-09,4.60
MSFT,2025-08-09,5.02
MSFT,2025-11-09,6.07
MSFT,2025-12-09,7.25
MSFT,2026-01-09,4.55
MSFT,2026-02-09,6.17
MSFT,2026-03-09,4.38
MSFT,2026-06-09,5.05
MSFT,2024-01-10,9.67
MSFT,2024-02-10,6.11
MSFT,2024-03-10,5.26
MSFT,2024-04-10,4.78
MSFT,2024-07-10,8.11
MSFT,2024-08-10,7.49
MSFT,2024-09-10,6.08
MSFT,2024-10-10,4.20
MSFT,2024-11-10,3.88
MSFT,2025-02-10,6.52
MSFT,2025-03-10,7.22
MSFT,2025-04-10,5.88
MSFT,2025-05-10,6.91
MSFT,2025-06-10,3.39
MSFT,2025-09-10,5.21
MSFT,2025-10-10,12.54
MSFT,2025-11-10,8.55
MSFT,2025-12-10,3.58
MSFT,2026-01-10,5.95
MSFT,2026-04-10,5.64
MSFT,2026-05-10,7.37
MSFT,2026-06-10,6.40
MSFT,2026-07-10,9.86
MSFT,2024-01-11,8.00
MSFT,2024-04-11,4.85
MSFT,2024-05-11,6.82
MSFT,2024-06-11,9.93
MSFT,2024-07-11,6.97
MSFT,2024-08-11,4.72
MSFT,2024-11-11,8.81
MSFT,2024-12-11,7.24
MSFT,2025-01-11,11.12
MSFT,2025-02-11,8.17
MSFT,2025-03-11,9.16
MSFT,2025-06-11,6.30
MSFT,2025-07-11,6.39
MSFT,2025-08-11,6.71
MSFT,2025-09-11,9.49
MSFT,2025-10-11,6.34
MSFT,2026-01-11,6.23
MSFT,2026-02-11,10.19
MSFT,2026-03-11,5.21
NFLX,2025-04-11,0.45
NFLX,2025-05-11,0.65
NFLX,2025-06-11,0.82
NFLX,2023-01-12,1.06
NFLX,2023-04-12,1.00
NFLX,2023-05-12,0.68
NFLX,2023-06-12,1.48
NFLX,2023-07-12,0.46
NFLX,2023-08-12,0.47
NFLX,2023-11-12,1.35
NFLX,2023-12-12,0.64
NFLX,2024-01-12,1.93
NFLX,2024-02-12,1.60
NFLX,2024-03-12,0.57
NFLX,2024-06-12,1.69
NFLX,2024-07-12,1.20
NFLX,2024-08-12,1.25
NFLX,2024-09-12,0.76
NFLX,2024-10-12,1.05
NFLX,2025-02-12,0.51
NFLX,2025-03-12,0.47
NFLX,2025-04-12,0.38
NFLX,2025-05-12,1.03
NFLX,2024-02-01,2.28
NFLX,2024-03-01,0.93
NFLX,2024-04-01,1.42
NFLX,2024-05-01,0.77
NFLX,2024-08-01,1.15
NFLX,2024-09-01,1.13
NFLX,2024-10-01,1.40
NFLX,2024-11-01,1.96
NFLX,2024-12-01,1.02
NFLX,2025-04-01,1.62
NFLX,2025-05-01,1.09
NFLX,2025-06-01,0.78
NFLX,2025-07-01,0.96
NFLX,2025-10-01,0.99
NFLX,2025-11-01,1.76
NFLX,2025-12-01,2.54
NFLX,2026-01-01,1.50
NFLX,2026-02-01,2.12
NFLX,2026-05-01,1.58
NFLX,2026-06-01,1.01
NFLX,2026-07-01,1.02
NFLX,2024-01-02,0.89
NFLX,2024-02-02,0.54
NFLX,2024-05-02,1.86
NFLX,2024-06-02,1.19
NFLX,2024-07-02,1.28
NFLX,2024-08-02,0.80
NFLX,2024-09-02,0.79
NFLX,2024-12-02,1.14
NFLX,2025-01-02,1.02
NFLX,2025-02-02,1.69
NFLX,2025-03-02,1.35
NFLX,2025-04-02,1.95
NFLX,2025-08-02,1.63
NFLX,2025-09-02,0.85
NFLX,2025-10-02,1.20
NFLX,2025-11-02,1.26
NFLX,2026-02-02,0.75
NFLX,2026-03-02,1.31
NFLX,2026-04-02,0.82
NFLX,2026-05-02,0.93
NFLX,2024-01-03,2.08
NFLX,2024-04-03,0.93
NFLX,2024-05-03,1.89
NFLX,2024-06-03,1.43
NFLX,2024-07-03,1.46
NFLX,2024-08-03,1.53
NFLX,2024-11-03,1.06
NFLX,2024-12-03,1.90
NFLX,2025-01-03,0.76
NFLX,2025-02-03,1.34
NFLX,2025-03-03,1.91
NFLX,2025-06-03,1.70
NFLX,2025-07-03,1.33
NFLX,2025-08-03,1.12
NFLX,2025-09-03,1.21
NFLX,2025-10-03,0.81
NFLX,2026-01-03,0.73
NFLX,2026-02-03,1.52
NFLX,2026-03-03,2.07
NFLX,2026-04-03,1.34
NFLX,2024-01-04,0.95
NFLX,2024-02-04,0.95
NFLX,2024-03-04,1.89
NFLX,2024-04-04,2.14
NFLX,2024-05-04,1.52
NFLX,2024-08-04,1.09
NFLX,2024-09-04,1.64
NFLX,2024-10-04,1.08
NFLX,2024-11-04,1.45
NFLX,2024-12-04,1.42
NFLX,2025-03-04,2.63
NFLX,2025-04-04,1.50
NFLX,2025-05-04,1.33
NFLX,2025-06-04,1.59
NFLX,2025-07-04,2.68
NFLX,2025-10-04,1.66
NFLX,2025-11-04,2.39
NFLX,2025-12-04,2.56
NFLX,2026-01-04,2.08
NFLX,2026-02-04,0.97
NFLX,2026-05-04,0.54
NFLX,2026-06-04,1.06
NFLX,2024-01-05,1.61
NFLX,2024-02-05,0.99
NFLX,2024-03-05,1.51
NFLX,2024-06-05,1.70
NFLX,2024-07-05,1.48
NFLX,2024-08-05,1.66
NFLX,2024-09-05,0.99
NFLX,2024-10-05,1.89
NFLX,2025-01-05,1.14
NFLX,2025-02-05,1.31
NFLX,2025-03-05,1.50
NFLX,2025-04-05,0.92
NFLX,2025-05-05,1.11
NFLX,2025-08-05,2.49
NFLX,2025-09-05,1.67
NFLX,2025-10-05,1.12
NFLX,2025-11-05,1.27
NFLX,2025-12-05,1.44
NFLX,2026-04-05,0.67
NFLX,2026-05-05,2.04
NFLX,2026-06-05,1.18
NFLX,2026-07-05,2.03
NFLX,2024-03-06,1.95
NFLX,2024-04-06,0.88
NFLX,2024-05-06,2.30
NFLX,2024-06-06,1.38
NFLX,2024-07-06,1.02
NFLX,2024-10-06,0.92
NFLX,2024-11-06,0.97
NFLX,2024-12-06,1.27
NFLX,2025-01-06,1.29
NFLX,2025-02-06,2.30
NFLX,2025-05-06,1.76
NFLX,2025-06-06,1.25
NFLX,2025-08-06,1.62
NFLX,2025-09-06,0.88
NFLX,2025-12-06,2.10
NFLX,2026-01-06,1.14
NFLX,2026-02-06,1.30
NFLX,2026-03-06,1.05
NFLX,2026-04-06,1.39
NFLX,2024-01-07,1.12
NFLX,2024-02-07,1.16
NFLX,2024-03-07,0.82
NFLX,2024-05-07,2.03
NFLX,2024-08-07,0.74
NFLX,2024-09-07,1.06
NFLX,2024-10-07,1.40
NFLX,2024-11-07,2.51
NFLX,2024-12-07,1.22
NFLX,2025-03-07,2.09
NFLX,2025-04-07,1.46
NFLX,2025-05-07,1.10
NFLX,2025-06-07,1.78
NFLX,2025-07-07,4.99
NFLX,2025-10-07,2.37
NFLX,2025-11-07,0.89
NFLX,2025-12-07,1.97
NFLX,2026-01-07,2.83
NFLX,2026-02-07,1.72
NFLX,2026-05-07,1.07
NFLX,2026-06-07,1.77
NFLX,2026-07-07,1.10
NFLX,2024-01-08,2.91
NFLX,2024-02-08,1.69
NFLX,2024-05-08,1.76
NFLX,2024-06-08,2.19
NFLX,2024-07-08,2.14
NFLX,2024-08-08,1.63
NFLX,2024-09-08,1.36
NFLX,2024-12-08,1.19
NFLX,2025-01-08,1.55
NFLX,2025-02-08,1.49
NFLX,2025-03-08,1.34
NFLX,2025-04-08,1.48
NFLX,2025-07-08,1.59
NFLX,2025-08-08,2.31
NFLX,2025-09-08,0.96
NFLX,2025-10-08,1.53
NFLX,2025-11-08,1.75
NFLX,2026-02-08,0.90
NFLX,2026-03-08,2.10
NFLX,2026-04-08,1.96
NFLX,2026-05-08,1.37
NFLX,2026-06-08,1.37
NFLX,2024-03-09,3.29
NFLX,2024-04-09,1.16
NFLX,2024-05-09,1.54
NFLX,2024-06-09,2.09
NFLX,2024-09-09,1.14
NFLX,2024-10-09,1.48
NFLX,2024-11-09,2.22
NFLX,2024-12-09,1.27
NFLX,2025-01-09,1.96
NFLX,2025-04-09,1.44
NFLX,2025-05-09,0.92
NFLX,2025-06-09,1.96
NFLX,2025-07-09,2.03
NFLX,2025-08-09,1.04
NFLX,2025-11-09,1.30
NFLX,2025-12-09,1.80
NFLX,2026-01-09,0.89
NFLX,2026-02-09,2.36
NFLX,2026-03-09,0.94
NFLX,2026-06-09,0.84
NFLX,2024-01-10,1.92
NFLX,2024-02-10,1.15
NFLX,2024-03-10,0.88
NFLX,2024-04-10,1.22
NFLX,2024-07-10,1.95
NFLX,2024-08-10,2.16
NFLX,2024-09-10,0.97
NFLX,2024-10-10,1.14
NFLX,2024-11-10,1.48
NFLX,2025-02-10,1.53
NFLX,2025-03-10,1.36
NFLX,2025-04-10,0.78
NFLX,2025-05-10,2.65
NFLX,2025-06-10,3.01
NFLX,2025-09-10,1.64
NFLX,2025-10-10,0.86
NFLX,2025-11-10,1.95
NFLX,2025-12-10,0.95
NFLX,2026-01-10,1.50
NFLX,2026-04-10,1.08
NFLX,2026-05-10,1.59
NFLX,2026-06-10,0.75
NFLX,2026-07-10,0.86
NFLX,2024-01-11,1.60
NFLX,2024-04-11,1.28
NFLX,2024-05-11,1.12
NFLX,2024-06-11,2.41
NFLX,2024-07-11,1.83
NFLX,2024-08-11,1.05
NFLX,2024-11-11,1.12
NFLX,2024-12-11,1.66
NFLX,2025-01-11,1.65
NFLX,2025-02-11,1.10
NFLX,2025-03-11,1.55
NFLX,2025-06-11,3.92
NFLX,2025-07-11,3.53
NFLX,2025-08-11,2.22
NFLX,2025-09-11,3.08
NFLX,2025-10-11,1.30
NFLX,2026-01-11,3.79
NFLX,2026-02-11,1.91
NFLX,2026-03-11,2.21
NVDA,2025-04-11,0.85
NVDA,2025-05-11,0.90
NVDA,2025-06-11,1.69
NVDA,2023-01-12,1.01
NVDA,2023-04-12,1.07
NVDA,2023-05-12,1.33
NVDA,2023-06-12,1.98
NVDA,2023-07-12,1.03
NVDA,2023-08-12,1.19
NVDA,2023-11-12,1.70
NVDA,2023-12-12,1.62
NVDA,2024-01-12,0.98
NVDA,2024-02-12,1.25
NVDA,2024-03-12,1.28
NVDA,2024-06-12,1.28
NVDA,2024-07-12,0.80
NVDA,2024-08-12,1.90
NVDA,2024-09-12,0.68
NVDA,2024-10-12,0.91
NVDA,2025-02-12,0.64
NVDA,2025-03-12,0.59
NVDA,2025-04-12,0.47
NVDA,2025-05-12,1.25
NVDA,2024-02-01,1.70
NVDA,2024-03-01,0.86
NVDA,2024-04-01,0.99
NVDA,2024-05-01,1.24
NVDA,2024-08-01,2.80
NVDA,2024-09-01,2.64
NVDA,2024-10-01,1.11
NVDA,2024-11-01,1.79
NVDA,2024-12-01,0.64
NVDA,2025-04-01,1.93
NVDA,2025-05-01,1.73
NVDA,2025-06-01,1.49
NVDA,2025-07-01,2.27
NVDA,2025-10-01,1.26
NVDA,2025-11-01,1.32
NVDA,2025-12-01,2.91
NVDA,2026-01-01,1.87
NVDA,2026-02-01,1.21
NVDA,2026-05-01,1.58
NVDA,2026-06-01,1.23
NVDA,2026-07-01,1.57
NVDA,2024-01-02,1.54
NVDA,2024-02-02,2.91
NVDA,2024-05-02,2.29
NVDA,2024-06-02,3.45
NVDA,2024-07-02,2.62
NVDA,2024-08-02,1.33
NVDA,2024-09-02,1.98
NVDA,2024-12-02,3.36
NVDA,2025-01-02,3.83
NVDA,2025-02-02,2.30
NVDA,2025-03-02,1.57
NVDA,2025-04-02,1.90
NVDA,2025-08-02,4.23
NVDA,2025-09-02,2.64
NVDA,2025-10-02,4.36
NVDA,2025-11-02,4.82
NVDA,2026-02-02,2.14
NVDA,2026-03-02,2.32
NVDA,2026-04-02,1.80
NVDA,2026-05-02,1.64
NVDA,2024-01-03,2.86
NVDA,2024-04-03,3.98
NVDA,2024-05-03,2.68
NVDA,2024-06-03,2.69
NVDA,2024-07-03,3.17
NVDA,2024-08-03,10.89
NVDA,2024-11-03,4.63
NVDA,2024-12-03,5.81
NVDA,2025-01-03,3.06
NVDA,2025-02-03,4.05
NVDA,2025-03-03,3.29
NVDA,2025-06-03,5.32
NVDA,2025-07-03,5.53
NVDA,2025-08-03,2.19
NVDA,2025-09-03,2.24
NVDA,2025-10-03,3.95
NVDA,2026-01-03,3.26
NVDA,2026-02-03,3.88
NVDA,2026-03-03,4.12
NVDA,2026-04-03,2.11
NVDA,2024-01-04,3.03
NVDA,2024-02-04,2.47
NVDA,2024-03-04,1.97
NVDA,2024-04-04,4.75
NVDA,2024-05-04,2.55
NVDA,2024-08-04,2.10
NVDA,2024-09-04,4.62
NVDA,2024-10-04,3.69
NVDA,2024-11-04,3.81
NVDA,2024-12-04,2.64
NVDA,2025-03-04,4.68
NVDA,2025-04-04,2.06
NVDA,2025-05-04,4.83
NVDA,2025-06-04,3.79
NVDA,2025-07-04,8.71
NVDA,2025-10-04,3.67
NVDA,2025-11-04,2.51
NVDA,2025-12-04,4.90
NVDA,2026-01-04,5.10
NVDA,2026-02-04,4.94
NVDA,2026-05-04,2.72
NVDA,2026-06-04,2.52
NVDA,2024-01-05,4.75
NVDA,2024-02-05,3.04
NVDA,2024-03-05,2.24
NVDA,2024-06-05,3.16
NVDA,2024-07-05,2.77
NVDA,2024-08-05,1.77
NVDA,2024-09-05,2.84
NVDA,2024-10-05,2.17
NVDA,2025-01-05,2.47
NVDA,2025-02-05,2.72
NVDA,2025-03-05,3.26
NVDA,2025-04-05,1.72
NVDA,2025-05-05,2.93
NVDA,2025-08-05,1.76
NVDA,2025-09-05,2.22
NVDA,2025-10-05,2.77
NVDA,2025-11-05,4.80
NVDA,2025-12-05,3.48
NVDA,2026-04-05,5.06
NVDA,2026-05-05,4.59
NVDA,2026-06-05,6.16
NVDA,2026-07-05,5.78
NVDA,2024-03-06,3.00
NVDA,2024-04-06,2.55
NVDA,2024-05-06,4.98
NVDA,2024-06-06,7.27
NVDA,2024-07-06,3.67
NVDA,2024-10-06,6.09
NVDA,2024-11-06,4.13
NVDA,2024-12-06,4.31
NVDA,2025-01-06,2.64
NVDA,2025-02-06,4.52
NVDA,2025-05-06,4.15
NVDA,2025-06-06,5.64
NVDA,2025-08-06,11.24
NVDA,2025-09-06,6.33
NVDA,2025-12-06,6.42
NVDA,2026-01-06,7.18
NVDA,2026-02-06,5.52
NVDA,2026-03-06,3.49
NVDA,2026-04-06,4.96
NVDA,2024-01-07,6.01
NVDA,2024-02-07,2.38
NVDA,2024-03-07,6.92
NVDA,2024-05-07,3.17
NVDA,2024-08-07,3.73
NVDA,2024-09-07,5.17
NVDA,2024-10-07,2.68
NVDA,2024-11-07,9.10
NVDA,2024-12-07,4.70
NVDA,2025-03-07,4.21
NVDA,2025-04-07,4.46
NVDA,2025-05-07,5.13
NVDA,2025-06-07,5.84
NVDA,2025-07-07,4.23
NVDA,2025-10-07,4.21
NVDA,2025-11-07,2.59
NVDA,2025-12-07,6.51
NVDA,2026-01-07,10.33
NVDA,2026-02-07,4.62
NVDA,2026-05-07,4.98
NVDA,2026-06-07,9.45
NVDA,2026-07-07,7.46
NVDA,2024-01-08,13.35
NVDA,2024-02-08,7.35
NVDA,2024-05-08,12.72
NVDA,2024-06-08,7.16
NVDA,2024-07-08,10.11
NVDA,2024-08-08,7.98
NVDA,2024-09-08,3.17
NVDA,2024-12-08,4.81
NVDA,2025-01-08,4.65
NVDA,2025-02-08,4.53
NVDA,2025-03-08,5.77
NVDA,2025-04-08,3.82
NVDA,2025-07-08,6.58
NVDA,2025-08-08,3.99
NVDA,2025-09-08,2.69
NVDA,2025-10-08,7.65
NVDA,2025-11-08,4.38
NVDA,2026-02-08,6.89
NVDA,2026-03-08,5.32
NVDA,2026-04-08,5.69
NVDA,2026-05-08,7.72
NVDA,2026-06-08,4.53
NVDA,2024-03-09,8.92
NVDA,2024-04-09,9.15
NVDA,2024-05-09,4.89
NVDA,2024-06-09,7.20
NVDA,2024-09-09,2.86
NVDA,2024-10-09,4.45
NVDA,2024-11-09,9.77
NVDA,2024-12-09,5.41
NVDA,2025-01-09,2.36
NVDA,2025-04-09,3.82
NVDA,2025-05-09,3.97
NVDA,2025-06-09,4.48
NVDA,2025-07-09,2.41
NVDA,2025-08-09,3.23
NVDA,2025-11-09,2.13
NVDA,2025-12-09,6.42
NVDA,2026-01-09,3.33
NVDA,2026-02-09,5.87
NVDA,2026-03-09,4.77
NVDA,2026-06-09,3.35
NVDA,2024-01-10,6.65
NVDA,2024-02-10,4.24
NVDA,2024-03-10,4.02
NVDA,2024-04-10,3.21
NVDA,2024-07-10,5.69
NVDA,2024-08-10,4.06
NVDA,2024-09-10,3.14
NVDA,2024-10-10,4.00
NVDA,2024-11-10,2.12
NVDA,2025-02-10,3.30
NVDA,2025-03-10,9.83
NVDA,2025-04-10,5.04
NVDA,2025-05-10,4.02
NVDA,2025-06-10,1.62
NVDA,2025-09-10,5.71
NVDA,2025-10-10,2.64
NVDA,2025-11-10,4.97
NVDA,2025-12-10,2.89
NVDA,2026-01-10,3.33
NVDA,2026-04-10,3.09
NVDA,2026-05-10,3.36
NVDA,2026-06-10,3.52
NVDA,2026-07-10,5.50
NVDA,2024-01-11,2.74
NVDA,2024-04-11,3.39
NVDA,2024-05-11,3.04
NVDA,2024-06-11,4.53
NVDA,2024-07-11,2.76
NVDA,2024-08-11,3.51
NVDA,2024-11-11,5.28
NVDA,2024-12-11,3.64
NVDA,2025-01-11,3.43
NVDA,2025-02-11,3.45
NVDA,2025-03-11,5.16
NVDA,2025-06-11,4.40
NVDA,2025-07-11,6.14
NVDA,2025-08-11,4.83
NVDA,2025-09-11,12.19
NVDA,2025-10-11,6.06
NVDA,2026-01-11,6.23
NVDA,2026-02-11,3.63
NVDA,2026-03-11,5.42
TSLA,2025-04-11,12.99
TSLA,2025-05-11,9.99
TSLA,2025-06-11,8.31
TSLA,2023-01-12,8.29
TSLA,2023-04-12,6.08
TSLA,2023-05-12,12.96
TSLA,2023-06-12,7.40
TSLA,2023-07-12,7.10
TSLA,2023-08-12,6.00
TSLA,2023-11-12,5.99
TSLA,2023-12-12,5.12
TSLA,2024-01-12,12.10
TSLA,2024-02-12,13.09
TSLA,2024-03-12,5.83
TSLA,2024-06-12,7.38
TSLA,2024-07-12,5.33
TSLA,2024-08-12,12.84
TSLA,2024-09-12,6.25
TSLA,2024-10-12,6.85
TSLA,2025-02-12,5.06
TSLA,2025-03-12,5.82
TSLA,2025-04-12,12.42
TSLA,2025-05-12,7.76
TSLA,2024-02-01,6.84
TSLA,2024-03-01,9.36
TSLA,2024-04-01,4.97
TSLA,2024-05-01,5.22
TSLA,2024-08-01,5.95
TSLA,2024-09-01,6.92
TSLA,2024-10-01,4.21
TSLA,2024-11-01,5.56
TSLA,2024-12-01,8.19
TSLA,2025-04-01,11.31
TSLA,2025-05-01,3.66
TSLA,2025-06-01,8.71
TSLA,2025-07-01,5.63
TSLA,2025-10-01,11.53
TSLA,2025-11-01,7.90
TSLA,2025-12-01,5.96
TSLA,2026-01-01,12.94
TSLA,2026-02-01,4.68
TSLA,2026-05-01,7.81
TSLA,2026-06-01,5.75
TSLA,2026-07-01,8.12
TSLA,2024-01-02,5.60
TSLA,2024-02-02,6.69
TSLA,2024-05-02,9.67
TSLA,2024-06-02,9.38
TSLA,2024-07-02,7.11
TSLA,2024-08-02,6.04
TSLA,2024-09-02,4.64
TSLA,2024-12-02,7.45
TSLA,2025-01-02,5.15
TSLA,2025-02-02,5.54
TSLA,2025-03-02,12.02
TSLA,2025-04-02,5.77
TSLA,2025-08-02,9.47
TSLA,2025-09-02,7.49
TSLA,2025-10-02,6.96
TSLA,2025-11-02,6.07
TSLA,2026-02-02,9.78
TSLA,2026-03-02,7.34
TSLA,2026-04-02,6.86
TSLA,2026-05-02,6.83
TSLA,2024-01-03,6.02
TSLA,2024-04-03,13.03
TSLA,2024-05-03,7.02
TSLA,2024-06-03,7.88
TSLA,2024-07-03,6.34
TSLA,2024-08-03,8.03
TSLA,2024-11-03,8.07
TSLA,2024-12-03,7.02
TSLA,2025-01-03,6.90
TSLA,2025-02-03,10.66
TSLA,2025-03-03,4.42
TSLA,2025-06-03,8.82
TSLA,2025-07-03,5.40
TSLA,2025-08-03,5.43
TSLA,2025-09-03,6.38
TSLA,2025-10-03,4.90
TSLA,2026-01-03,6.51
TSLA,2026-02-03,6.87
TSLA,2026-03-03,5.91
TSLA,2026-04-03,4.27
TSLA,2024-01-04,6.54
TSLA,2024-02-04,4.26
TSLA,2024-03-04,5.54
TSLA,2024-04-04,9.18
TSLA,2024-05-04,10.35
TSLA,2024-08-04,6.71
TSLA,2024-09-04,7.30
TSLA,2024-10-04,4.92
TSLA,2024-11-04,7.37
TSLA,2024-12-04,3.45
TSLA,2025-03-04,9.31
TSLA,2025-04-04,4.44
TSLA,2025-05-04,4.55
TSLA,2025-06-04,3.50
TSLA,2025-07-04,4.72
TSLA,2025-10-04,5.64
TSLA,2025-11-04,6.15
TSLA,2025-12-04,10.46
TSLA,2026-01-04,12.52
TSLA,2026-02-04,5.75
TSLA,2026-05-04,14.33
TSLA,2026-06-04,8.11
TSLA,2024-01-05,6.85
TSLA,2024-02-05,8.58
TSLA,2024-03-05,6.36
TSLA,2024-06-05,5.36
TSLA,2024-07-05,5.86
TSLA,2024-08-05,5.91
TSLA,2024-09-05,4.25
TSLA,2024-10-05,5.31
TSLA,2025-01-05,6.40
TSLA,2025-02-05,5.42
TSLA,2025-03-05,6.89
TSLA,2025-04-05,4.36
TSLA,2025-05-05,6.88
TSLA,2025-08-05,4.23
TSLA,2025-09-05,12.17
TSLA,2025-10-05,5.68
TSLA,2025-11-05,8.64
TSLA,2025-12-05,6.35
TSLA,2026-04-05,5.09
TSLA,2026-05-05,4.22
TSLA,2026-06-05,7.29
TSLA,2026-07-05,6.50
TSLA,2024-03-06,8.15
TSLA,2024-04-06,3.76
TSLA,2024-05-06,4.02
TSLA,2024-06-06,7.00
TSLA,2024-07-06,3.77
TSLA,2024-10-06,5.40
TSLA,2024-11-06,7.34
TSLA,2024-12-06,10.75
TSLA,2025-01-06,9.85
TSLA,2025-02-06,9.08
TSLA,2025-05-06,11.81
TSLA,2025-06-06,4.83
TSLA,2025-08-06,5.55
TSLA,2025-09-06,3.26
TSLA,2025-12-06,6.25
TSLA,2026-01-06,5.96
TSLA,2026-02-06,11.40
TSLA,2026-03-06,4.67
TSLA,2026-04-06,7.94
TSLA,2024-01-07,12.38
TSLA,2024-02-07,13.24
TSLA,2024-03-07,14.10
TSLA,2024-05-07,9.91
TSLA,2024-08-07,14.87
TSLA,2024-09-07,15.31
TSLA,2024-10-07,9.73
TSLA,2024-11-07,31.35
TSLA,2024-12-07,18.75
TSLA,2025-03-07,13.87
TSLA,2025-04-07,12.82
TSLA,2025-05-07,12.29
TSLA,2025-06-07,9.94
TSLA,2025-07-07,12.61
TSLA,2025-10-07,9.46
TSLA,2025-11-07,10.13
TSLA,2025-12-07,11.28
TSLA,2026-01-07,9.77
TSLA,2026-02-07,6.95
TSLA,2026-05-07,9.57
TSLA,2026-06-07,12.41
TSLA,2026-07-07,7.89
TSLA,2024-01-08,17.54
TSLA,2024-02-08,10.35
TSLA,2024-05-08,21.88
TSLA,2024-06-08,10.23
TSLA,2024-07-08,12.01
TSLA,2024-08-08,8.66
TSLA,2024-09-08,5.77
TSLA,2024-12-08,4.59
TSLA,2025-01-08,11.43
TSLA,2025-02-08,9.69
TSLA,2025-03-08,11.06
TSLA,2025-04-08,9.00
TSLA,2025-07-08,8.89
TSLA,2025-08-08,8.66
TSLA,2025-09-08,5.80
TSLA,2025-10-08,14.48
TSLA,2025-11-08,7.27
TSLA,2026-02-08,8.08
TSLA,2026-03-08,8.72
TSLA,2026-04-08,9.25
TSLA,2026-05-08,8.92
TSLA,2026-06-08,7.54
TSLA,2024-03-09,10.26
TSLA,2024-04-09,11.65
TSLA,2024-05-09,12.75
TSLA,2024-06-09,23.09
TSLA,2024-09-09,6.20
TSLA,2024-10-09,7.76
TSLA,2024-11-09,11.67
TSLA,2024-12-09,7.62
TSLA,2025-01-09,6.35
TSLA,2025-04-09,6.43
TSLA,2025-05-09,8.02
TSLA,2025-06-09,8.80
TSLA,2025-07-09,12.11
TSLA,2025-08-09,8.07
TSLA,2025-11-09,8.08
TSLA,2025-12-09,8.14
TSLA,2026-01-09,4.77
TSLA,2026-02-09,10.22
TSLA,2026-03-09,6.58
TSLA,2026-06-09,9.09
TSLA,2024-01-10,15.45
TSLA,2024-02-10,9.66
TSLA,2024-03-10,11.98
TSLA,2024-04-10,6.38
TSLA,2024-07-10,9.13
TSLA,2024-08-10,5.65
TSLA,2024-09-10,7.92
TSLA,2024-10-10,10.45
TSLA,2024-11-10,8.96
TSLA,2025-02-10,8.17
TSLA,2025-03-10,7.14
TSLA,2025-04-10,3.89
TSLA,2025-05-10,4.18
TSLA,2025-06-10,3.05
TSLA,2025-09-10,4.75
TSLA,2025-10-10,2.96
TSLA,2025-11-10,6.61
TSLA,2025-12-10,19.47
TSLA,2026-01-10,14.17
TSLA,2026-04-10,11.30
TSLA,2026-05-10,9.47
TSLA,2026-06-10,7.53
TSLA,2026-07-10,10.50
TSLA,2024-01-11,7.37
TSLA,2024-04-11,10.02
TSLA,2024-05-11,9.07
TSLA,2024-06-11,13.97
TSLA,2024-07-11,14.23
TSLA,2024-08-11,31.05
TSLA,2024-11-11,22.64
TSLA,2024-12-11,22.53
TSLA,2025-01-11,22.10
TSLA,2025-02-11,19.61
TSLA,2025-03-11,15.46
TSLA,2025-06-11,18.54
TSLA,2025-07-11,14.63
TSLA,2025-08-11,12.30
TSLA,2025-09-11,12.71
TSLA,2025-10-11,23.83
TSLA,2026-01-11,23.73
TSLA,2026-02-11,11.30
TSLA,2026-03-11,15.96
WMT,2025-04-11,0.75
WMT,2025-05-11,1.05
WMT,2025-06-11,0.62
WMT,2023-01-12,0.99
WMT,2023-04-12,0.54
WMT,2023-05-12,0.70
WMT,2023-06-12,0.72
WMT,2023-07-12,0.77
WMT,2023-08-12,0.66
WMT,2023-11-12,0.63
WMT,2023-12-12,0.49
WMT,2024-01-12,1.14
WMT,2024-02-12,0.67
WMT,2024-03-12,0.64
WMT,2024-06-12,0.65
WMT,2024-07-12,0.54
WMT,2024-08-12,0.84
WMT,2024-09-12,0.39
WMT,2024-10-12,0.66
WMT,2025-02-12,0.29
WMT,2025-03-12,0.60
WMT,2025-04-12,0.28
WMT,2025-05-12,0.30
WMT,2024-02-01,0.78
WMT,2024-03-01,0.45
WMT,2024-04-01,0.68
WMT,2024-05-01,0.83
WMT,2024-08-01,0.54
WMT,2024-09-01,0.53
WMT,2024-10-01,0.64
WMT,2024-11-01,0.57
WMT,2024-12-01,0.39
WMT,2025-04-01,0.39
WMT,2025-05-01,0.46
WMT,2025-06-01,0.90
WMT,2025-07-01,0.71
WMT,2025-10-01,0.49
WMT,2025-11-01,0.36
WMT,2025-12-01,0.92
WMT,2026-01-01,0.82
WMT,2026-02-01,0.57
WMT,2026-05-01,0.63
WMT,2026-06-01,0.73
WMT,2026-07-01,0.89
WMT,2024-01-02,1.06
WMT,2024-02-02,0.89
WMT,2024-05-02,0.65
WMT,2024-06-02,0.54
WMT,2024-07-02,0.49
WMT,2024-08-02,0.47
WMT,2024-09-02,0.27
WMT,2024-12-02,0.44
WMT,2025-01-02,0.93
WMT,2025-02-02,0.44
WMT,2025-03-02,0.63
WMT,2025-04-02,0.88
WMT,2025-08-02,2.04
WMT,2025-09-02,0.93
WMT,2025-10-02,0.72
WMT,2025-11-02,0.78
WMT,2026-02-02,1.66
WMT,2026-03-02,0.58
WMT,2026-04-02,0.45
WMT,2026-05-02,0.90
WMT,2024-01-03,0.65
WMT,2024-04-03,0.99
WMT,2024-05-03,0.76
WMT,2024-06-03,0.58
WMT,2024-07-03,0.72
WMT,2024-08-03,0.55
WMT,2024-11-03,0.84
WMT,2024-12-03,0.92
WMT,2025-01-03,0.58
WMT,2025-02-03,0.84
WMT,2025-03-03,0.69
WMT,2025-06-03,0.51
WMT,2025-07-03,0.47
WMT,2025-08-03,0.54
WMT,2025-09-03,0.61
WMT,2025-10-03,0.68
WMT,2026-01-03,0.63
WMT,2026-02-03,0.60
WMT,2026-03-03,0.67
WMT,2026-04-03,0.61
WMT,2024-01-04,0.83
WMT,2024-02-04,1.22
WMT,2024-03-04,0.56
WMT,2024-04-04,0.52
WMT,2024-05-04,0.55
WMT,2024-08-04,0.62
WMT,2024-09-04,0.67
WMT,2024-10-04,1.37
WMT,2024-11-04,0.82
WMT,2024-12-04,0.77
WMT,2025-03-04,0.79
WMT,2025-04-04,0.51
WMT,2025-05-04,0.86
WMT,2025-06-04,0.72
WMT,2025-07-04,0.70
WMT,2025-10-04,1.36
WMT,2025-11-04,1.79
WMT,2025-12-04,1.23
WMT,2026-01-04,0.70
WMT,2026-02-04,0.39
WMT,2026-05-04,0.45
WMT,2026-06-04,1.14
WMT,2024-01-05,0.69
WMT,2024-02-05,1.31
WMT,2024-03-05,0.84
WMT,2024-06-05,0.61
WMT,2024-07-05,0.75
WMT,2024-08-05,0.63
WMT,2024-09-05,0.63
WMT,2024-10-05,0.42
WMT,2025-01-05,1.06
WMT,2025-02-05,1.11
WMT,2025-03-05,0.47
WMT,2025-04-05,1.48
WMT,2025-05-05,1.25
WMT,2025-08-05,0.89
WMT,2025-09-05,0.74
WMT,2025-10-05,0.96
WMT,2025-11-05,0.96
WMT,2025-12-05,0.68
WMT,2026-04-05,0.73
WMT,2026-05-05,0.56
WMT,2026-06-05,0.40
WMT,2026-07-05,1.74
WMT,2024-03-06,0.68
WMT,2024-04-06,0.81
WMT,2024-05-06,0.87
WMT,2024-06-06,0.67
WMT,2024-07-06,1.93
WMT,2024-10-06,1.06
WMT,2024-11-06,0.61
WMT,2024-12-06,1.04
WMT,2025-01-06,0.81
WMT,2025-02-06,0.81
WMT,2025-05-06,1.03
WMT,2025-06-06,0.57
WMT,2025-08-06,0.83
WMT,2025-09-06,0.72
WMT,2025-12-06,1.14
WMT,2026-01-06,1.04
WMT,2026-02-06,1.39
WMT,2026-03-06,0.91
WMT,2026-04-06,0.78
WMT,2024-01-07,0.99
WMT,2024-02-07,0.82
WMT,2024-03-07,0.63
WMT,2024-05-07,2.05
WMT,2024-08-07,0.79
WMT,2024-09-07,0.58
WMT,2024-10-07,0.72
WMT,2024-11-07,1.19
WMT,2024-12-07,0.86
WMT,2025-03-07,0.67
WMT,2025-04-07,0.66
WMT,2025-05-07,1.15
WMT,2025-06-07,0.76
WMT,2025-07-07,0.68
WMT,2025-10-07,1.03
WMT,2025-11-07,0.59
WMT,2025-12-07,0.50
WMT,2026-01-07,0.82
WMT,2026-02-07,1.41
WMT,2026-05-07,0.77
WMT,2026-06-07,0.87
WMT,2026-07-07,0.96
WMT,2024-01-08,1.28
WMT,2024-02-08,2.50
WMT,2024-05-08,1.67
WMT,2024-06-08,0.95
WMT,2024-07-08,1.20
WMT,2024-08-08,1.25
WMT,2024-09-08,0.89
WMT,2024-12-08,1.15
WMT,2025-01-08,1.47
WMT,2025-02-08,0.94
WMT,2025-03-08,1.66
WMT,2025-04-08,1.09
WMT,2025-07-08,0.64
WMT,2025-08-08,1.03
WMT,2025-09-08,0.99
WMT,2025-10-08,1.07
WMT,2025-11-08,0.80
WMT,2026-02-08,0.64
WMT,2026-03-08,0.68
WMT,2026-04-08,0.62
WMT,2026-05-08,0.80
WMT,2026-06-08,1.25
WMT,2024-03-09,1.01
WMT,2024-04-09,0.75
WMT,2024-05-09,1.06
WMT,2024-06-09,1.02
WMT,2024-09-09,0.98
WMT,2024-10-09,1.62
WMT,2024-11-09,1.35
WMT,2024-12-09,1.29
WMT,2025-01-09,1.00
WMT,2025-04-09,0.88
WMT,2025-05-09,2.00
WMT,2025-06-09,1.13
WMT,2025-07-09,1.60
WMT,2025-08-09,1.50
WMT,2025-11-09,1.37
WMT,2025-12-09,0.67
WMT,2026-01-09,0.92
WMT,2026-02-09,1.94
WMT,2026-03-09,0.69
WMT,2026-06-09,1.08
WMT,2024-01-10,1.09
WMT,2024-02-10,0.87
WMT,2024-03-10,0.73
WMT,2024-04-10,1.26
WMT,2024-07-10,1.96
WMT,2024-08-10,0.75
WMT,2024-09-10,0.75
WMT,2024-10-10,0.86
WMT,2024-11-10,0.76
WMT,2025-02-10,0.75
WMT,2025-03-10,1.31
WMT,2025-04-10,1.04
WMT,2025-05-10,0.85
WMT,2025-06-10,1.03
WMT,2025-09-10,0.83
WMT,2025-10-10,1.40
WMT,2025-11-10,1.54
WMT,2025-12-10,0.74
WMT,2026-01-10,0.86
WMT,2026-04-10,0.61
WMT,2026-05-10,1.19
WMT,2026-06-10,0.53
WMT,2026-07-10,1.22
WMT,2024-01-11,0.99
WMT,2024-04-11,0.91
WMT,2024-05-11,1.26
WMT,2024-06-11,3.48
WMT,2024-07-11,0.97
WMT,2024-08-11,1.19
WMT,2024-11-11,1.29
WMT,2024-12-11,1.03
WMT,2025-01-11,1.02
WMT,2025-02-11,1.42
WMT,2025-03-11,0.84
WMT,2025-06-11,1.19
WMT,2025-07-11,2.38
WMT,2025-08-11,1.29
WMT,2025-09-11,1.71
WMT,2025-10-11,1.98
WMT,2026-01-11,1.89
WMT,2026-02-11,2.04
WMT,2026-03-11,0.94
XOM,2025-04-11,1.03
XOM,2025-05-11,2.94
XOM,2025-06-11,2.67
XOM,2023-01-12,2.00
XOM,2023-04-12,1.77
XOM,2023-05-12,2.05
XOM,2023-06-12,2.38
XOM,2023-07-12,2.75
XOM,2023-08-12,1.04
XOM,2023-11-12,1.28
XOM,2023-12-12,1.20
XOM,2024-01-12,1.37
XOM,2024-02-12,2.42
XOM,2024-03-12,0.69
XOM,2024-06-12,1.59
XOM,2024-07-12,1.40
XOM,2024-08-12,2.81
XOM,2024-09-12,1.20
XOM,2024-10-12,1.12
XOM,2025-02-12,0.91
XOM,2025-03-12,1.21
XOM,2025-04-12,1.48
XOM,2025-05-12,0.97
XOM,2024-02-01,2.25
XOM,2024-03-01,1.96
XOM,2024-04-01,2.52
XOM,2024-05-01,1.27
XOM,2024-08-01,2.14
XOM,2024-09-01,2.10
XOM,2024-10-01,1.64
XOM,2024-11-01,0.94
XOM,2024-12-01,1.48
XOM,2025-04-01,2.48
XOM,2025-05-01,1.38
XOM,2025-06-01,1.27
XOM,2025-07-01,0.61
XOM,2025-10-01,1.33
XOM,2025-11-01,1.77
XOM,2025-12-01,1.91
XOM,2026-01-01,2.56
XOM,2026-02-01,1.89
XOM,2026-05-01,1.34
XOM,2026-06-01,2.78
XOM,2026-07-01,2.11
XOM,2024-01-02,2.39
XOM,2024-02-02,2.39
XOM,2024-05-02,1.88
XOM,2024-06-02,1.47
XOM,2024-07-02,1.55
XOM,2024-08-02,2.31
XOM,2024-09-02,3.14
XOM,2024-12-02,1.40
XOM,2025-01-02,2.49
XOM,2025-02-02,2.20
XOM,2025-03-02,3.34
XOM,2025-04-02,1.11
XOM,2025-08-02,1.47
XOM,2025-09-02,1.99
XOM,2025-10-02,1.96
XOM,2025-11-02,1.21
XOM,2026-02-02,1.89
XOM,2026-03-02,1.30
XOM,2026-04-02,1.43
XOM,2026-05-02,0.85
XOM,2024-01-03,1.01
XOM,2024-04-03,1.82
XOM,2024-05-03,1.95
XOM,2024-06-03,1.42
XOM,2024-07-03,1.38
XOM,2024-08-03,1.63
XOM,2024-11-03,1.78
XOM,2024-12-03,1.25
XOM,2025-01-03,1.24
XOM,2025-02-03,1.86
XOM,2025-03-03,1.45
XOM,2025-06-03,1.76
XOM,2025-07-03,1.43
XOM,2025-08-03,1.27
XOM,2025-09-03,1.34
XOM,2025-10-03,0.87
XOM,2026-01-03,1.95
XOM,2026-02-03,1.57
XOM,2026-03-03,1.65
XOM,2026-04-03,1.39
XOM,2024-01-04,1.86
XOM,2024-02-04,2.27
XOM,2024-03-04,1.02
XOM,2024-04-04,1.24
XOM,2024-05-04,2.51
XOM,2024-08-04,1.53
XOM,2024-09-04,1.31
XOM,2024-10-04,1.74
XOM,2024-11-04,2.35
XOM,2024-12-04,4.08
XOM,2025-03-04,2.24
XOM,2025-04-04,2.30
XOM,2025-05-04,2.23
XOM,2025-06-04,1.75
XOM,2025-07-04,1.98
XOM,2025-10-04,3.14
XOM,2025-11-04,1.61
XOM,2025-12-04,1.87
XOM,2026-01-04,2.36
XOM,2026-02-04,2.88
XOM,2026-05-04,2.29
XOM,2026-06-04,2.22
XOM,2024-01-05,2.81
XOM,2024-02-05,1.36
XOM,2024-03-05,1.94
XOM,2024-06-05,1.94
XOM,2024-07-05,1.65
XOM,2024-08-05,1.54
XOM,2024-09-05,2.34
XOM,2024-10-05,1.08
XOM,2025-01-05,1.92
XOM,2025-02-05,1.26
XOM,2025-03-05,2.76
XOM,2025-04-05,1.76
XOM,2025-05-05,1.87
XOM,2025-08-05,1.34
XOM,2025-09-05,1.67
XOM,2025-10-05,2.50
XOM,2025-11-05,4.15
XOM,2025-12-05,2.04
XOM,2026-04-05,2.04
XOM,2026-05-05,1.74
XOM,2026-06-05,1.17
XOM,2026-07-05,3.50
XOM,2024-03-06,2.60
XOM,2024-04-06,2.17
XOM,2024-05-06,1.71
XOM,2024-06-06,1.93
XOM,2024-07-06,2.23
XOM,2024-10-06,1.52
XOM,2024-11-06,1.36
XOM,2024-12-06,2.76
XOM,2025-01-06,1.14
XOM,2025-02-06,1.62
XOM,2025-05-06,1.28
XOM,2025-06-06,1.92
XOM,2025-08-06,3.03
XOM,2025-09-06,1.94
XOM,2025-12-06,2.89
XOM,2026-01-06,1.09
XOM,2026-02-06,1.68
XOM,2026-03-06,0.88
XOM,2026-04-06,1.86
XOM,2024-01-07,2.21
XOM,2024-02-07,2.45
XOM,2024-03-07,1.39
XOM,2024-05-07,1.94
XOM,2024-08-07,2.13
XOM,2024-09-07,1.92
XOM,2024-10-07,1.54
XOM,2024-11-07,2.39
XOM,2024-12-07,1.52
XOM,2025-03-07,2.58
XOM,2025-04-07,2.64
XOM,2025-05-07,1.63
XOM,2025-06-07,2.48
XOM,2025-07-07,3.01
XOM,2025-10-07,1.36
XOM,2025-11-07,2.00
XOM,2025-12-07,2.13
XOM,2026-01-07,3.47
XOM,2026-02-07,1.56
XOM,2026-05-07,2.01
XOM,2026-06-07,2.37
XOM,2026-07-07,1.20
XOM,2024-01-08,3.13
XOM,2024-02-08,3.45
XOM,2024-05-08,2.78
XOM,2024-06-08,2.00
XOM,2024-07-08,1.86
XOM,2024-08-08,2.38
XOM,2024-09-08,1.95
XOM,2024-12-08,2.15
XOM,2025-01-08,1.01
XOM,2025-02-08,2.27
XOM,2025-03-08,1.51
XOM,2025-04-08,0.82
XOM,2025-07-08,2.33
XOM,2025-08-08,4.14
XOM,2025-09-08,1.81
XOM,2025-10-08,1.37
XOM,2025-11-08,1.69
XOM,2026-02-08,2.02
XOM,2026-03-08,2.01
XOM,2026-04-08,1.32
XOM,2026-05-08,2.44
XOM,2026-06-08,1.73
XOM,2024-03-09,2.05
XOM,2024-04-09,2.17
XOM,2024-05-09,2.21
XOM,2024-06-09,2.45
XOM,2024-09-09,3.49
XOM,2024-10-09,5.23
XOM,2024-11-09,3.18
XOM,2024-12-09,1.57
XOM,2025-01-09,1.54
XOM,2025-04-09,1.40
XOM,2025-05-09,2.25
XOM,2025-06-09,1.82
XOM,2025-07-09,2.39
XOM,2025-08-09,1.26
XOM,2025-11-09,2.67
XOM,2025-12-09,1.33
XOM,2026-01-09,3.01
XOM,2026-02-09,2.34
XOM,2026-03-09,2.84
XOM,2026-06-09,2.43
XOM,2024-01-10,4.67
XOM,2024-02-10,2.62
XOM,2024-03-10,2.24
XOM,2024-04-10,2.76
XOM,2024-07-10,1.48
XOM,2024-08-10,2.76
XOM,2024-09-10,1.78
XOM,2024-10-10,1.41
XOM,2024-11-10,1.09
XOM,2025-02-10,1.64
XOM,2025-03-10,2.17
XOM,2025-04-10,0.84
XOM,2025-05-10,1.87
XOM,2025-06-10,1.49
XOM,2025-09-10,1.76
XOM,2025-10-10,1.25
XOM,2025-11-10,1.35
XOM,2025-12-10,1.31
XOM,2026-01-10,1.11
XOM,2026-04-10,2.24
XOM,2026-05-10,2.10
XOM,2026-06-10,1.79
XOM,2026-07-10,1.99
XOM,2024-01-11,5.11
XOM,2024-04-11,2.77
XOM,2024-05-11,1.20
XOM,2024-06-11,2.61
XOM,2024-07-11,1.89
XOM,2024-08-11,1.76
XOM,2024-11-11,1.55
XOM,2024-12-11,1.47
XOM,2025-01-11,3.25
XOM,2025-02-11,1.55
XOM,2025-03-11,2.11
XOM,2025-06-11,1.35
XOM,2025-07-11,1.55
XOM,2025-08-11,1.83
XOM,2025-09-11,2.28
XOM,2025-10-11,1.57
XOM,2026-01-11,2.27
XOM,2026-02-11,1.83
XOM,2026-03-11,1.30
