"ticker","price_date","volume"
AAPL,2025-04-11,38415419
AAPL,2025-05-11,43014224
AAPL,2025-06-11,48794366
AAPL,2023-01-12,45704823
AAPL,2023-04-12,43389519
AAPL,2023-05-12,66628398
AAPL,2023-06-12,41089737
AAPL,2023-07-12,47477655
AAPL,2023-08-12,53406358
AAPL,2023-11-12,60943699
AAPL,2023-12-12,52696900
AAPL,2024-01-12,70404183
AAPL,2024-02-12,66831572
AAPL,2024-03-12,128538401
AAPL,2024-06-12,55751861
AAPL,2024-07-12,40714051
AAPL,2024-08-12,52242815
AAPL,2024-09-12,46482549
AAPL,2024-10-12,37149570
AAPL,2025-02-12,28919310
AAPL,2025-03-12,48087681
AAPL,2025-04-12,34049898
AAPL,2025-05-12,42672148
AAPL,2024-02-01,82488674
AAPL,2024-03-01,58414460
AAPL,2024-04-01,71983570
AAPL,2024-05-01,62379661
AAPL,2024-08-01,59144470
AAPL,2024-09-01,42841809
AAPL,2024-10-01,46792908
AAPL,2024-11-01,49128408
AAPL,2024-12-01,40477782
AAPL,2025-04-01,65603041
AAPL,2025-05-01,47317433
AAPL,2025-06-01,78005754
AAPL,2025-07-01,68902985
AAPL,2025-10-01,60133852
AAPL,2025-11-01,42355590
AAPL,2025-12-01,53631316
AAPL,2026-01-01,54822126
AAPL,2026-02-01,44594011
AAPL,2026-05-01,47145622
AAPL,2026-06-01,55859370
AAPL,2026-07-01,55467803
AAPL,2024-01-02,64885408
AAPL,2024-02-02,102551680
AAPL,2024-05-02,69668820
AAPL,2024-06-02,43490759
AAPL,2024-07-02,53438955
AAPL,2024-08-02,40962046
AAPL,2024-09-02,45155216
AAPL,2024-12-02,41781934
AAPL,2025-01-02,56529529
AAPL,2025-02-02,54630517
AAPL,2025-03-02,65434496
AAPL,2025-04-02,49752465
AAPL,2025-08-02,53665553
AAPL,2025-09-02,41529674
AAPL,2025-10-02,52292208
AAPL,2025-11-02,45119677
AAPL,2026-02-02,40867421
AAPL,2026-03-02,54318851
AAPL,2026-04-02,48953939
AAPL,2026-05-02,136682597
AAPL,2024-01-03,73563082
AAPL,2024-04-03,81510101
AAPL,2024-05-03,95132355
AAPL,2024-06-03,68587707
AAPL,2024-07-03,71765061
AAPL,2024-08-03,76267041
AAPL,2024-11-03,60139473
AAPL,2024-12-03,59825372
AAPL,2025-01-03,52488692
AAPL,2025-02-03,72913507
AAPL,2025-03-03,121752699
AAPL,2025-06-03,75604184
AAPL,2025-07-03,55215244
AAPL,2025-08-03,53423102
AAPL,2025-09-03,106181270
AAPL,2025-10-03,71160138
AAPL,2026-01-03,54288328
AAPL,2026-02-03,57388449
AAPL,2026-03-03,60273265
AAPL,2026-04-03,65672690
AAPL,2024-01-04,46240500
AAPL,2024-02-04,49329481
AAPL,2024-03-04,47691715
AAPL,2024-04-04,53704386
AAPL,2024-05-04,42104826
AAPL,2024-08-04,37425513
AAPL,2024-09-04,42451209
AAPL,2024-10-04,49709336
AAPL,2024-11-04,91070275
AAPL,2024-12-04,101670886
AAPL,2025-03-04,73531773
AAPL,2025-04-04,73711235
AAPL,2025-05-04,50901210
AAPL,2025-06-04,43122903
AAPL,2025-07-04,68149377
AAPL,2025-10-04,48116443
AAPL,2025-11-04,49537761
AAPL,2025-12-04,48251835
AAPL,2026-01-04,50558329
AAPL,2026-02-04,44838354
AAPL,2026-05-04,68169419
AAPL,2026-06-04,65934776
AAPL,2024-01-05,50383147
AAPL,2024-02-05,94214915
AAPL,2024-03-05,163224109
AAPL,2024-06-05,78569667
AAPL,2024-07-05,77305771
AAPL,2024-08-05,45057087
AAPL,2024-09-05,48982972
AAPL,2024-10-05,50759496
AAPL,2025-01-05,72044809
AAPL,2025-02-05,52393619
AAPL,2025-03-05,70399988
AAPL,2025-04-05,52845230
AAPL,2025-05-05,41282925
AAPL,2025-08-05,44361275
AAPL,2025-09-05,42309401
AAPL,2025-10-05,34648547
AAPL,2025-11-05,51005924
AAPL,2025-12-05,36326975
AAPL,2026-04-05,52280051
AAPL,2026-05-05,53068016
AAPL,2026-06-05,49947941
AAPL,2026-07-05,75158277
AAPL,2024-03-06,50080539
AAPL,2024-04-06,47471445
AAPL,2024-05-06,54156785
AAPL,2024-06-06,41181753
AAPL,2024-07-06,53103912
AAPL,2024-10-06,97262077
AAPL,2024-11-06,172373296
AAPL,2024-12-06,198134293
AAPL,2025-01-06,97862729
AAPL,2025-02-06,70122748
AAPL,2025-05-06,93728300
AAPL,2025-06-06,79943254
AAPL,2025-08-06,86172451
AAPL,2025-09-06,246421353
AAPL,2025-12-06,80727006
AAPL,2026-01-06,56713868
AAPL,2026-02-06,66213186
AAPL,2026-03-06,49772707
AAPL,2026-04-06,82542718
AAPL,2024-01-07,60402929
AAPL,2024-02-07,58046178
AAPL,2024-03-07,37369801
AAPL,2024-05-07,60412408
AAPL,2024-08-07,59085861
AAPL,2024-09-07,48169822
AAPL,2024-10-07,62627687
AAPL,2024-11-07,64710617
AAPL,2024-12-07,53046527
AAPL,2025-03-07,62631252
AAPL,2025-04-07,43234278
AAPL,2025-05-07,57345884
AAPL,2025-06-07,66034585
AAPL,2025-07-07,49151453
AAPL,2025-10-07,48201835
AAPL,2025-11-07,39960260
AAPL,2025-12-07,61777576
AAPL,2026-01-07,51391199
AAPL,2026-02-07,41601345
AAPL,2026-05-07,36311778
AAPL,2026-06-07,41643840
AAPL,2026-07-07,50036262
AAPL,2024-01-08,62500996
AAPL,2024-02-08,105568560
AAPL,2024-05-08,119548589
AAPL,2024-06-08,69660488
AAPL,2024-07-08,63516417
AAPL,2024-08-08,47161149
AAPL,2024-09-08,42201646
AAPL,2024-12-08,38028092
AAPL,2025-01-08,44155331
AAPL,2025-02-08,41960574
AAPL,2025-03-08,46414013
AAPL,2025-04-08,44340240
AAPL,2025-07-08,40687813
AAPL,2025-08-08,30299033
AAPL,2025-09-08,34765480
AAPL,2025-10-08,43695321
AAPL,2025-11-08,38677250
AAPL,2026-02-08,30602208
AAPL,2026-03-08,35934559
AAPL,2026-04-08,38052167
AAPL,2026-05-08,51906297
AAPL,2026-06-08,52990770
AAPL,2024-03-09,50190574
AAPL,2024-04-09,43840196
AAPL,2024-05-09,36615398
AAPL,2024-06-09,48423011
AAPL,2024-09-09,67179965
AAPL,2024-10-09,51591033
AAPL,2024-11-09,44587072
AAPL,2024-12-09,37498225
AAPL,2025-01-09,36766619
AAPL,2025-04-09,59357427
AAPL,2025-05-09,45519339
AAPL,2025-06-09,59894928
AAPL,2025-07-09,66781315
AAPL,2025-08-09,318679888
AAPL,2025-11-09,54146023
AAPL,2025-12-09,43556068
AAPL,2026-01-09,42308715
AAPL,2026-02-09,36636707
AAPL,2026-03-09,34025967
AAPL,2026-06-09,54793391
AAPL,2024-01-10,63285048
AAPL,2024-02-10,32880605
AAPL,2024-03-10,34044158
AAPL,2024-04-10,37345098
AAPL,2024-07-10,39505354
AAPL,2024-08-10,31855693
AAPL,2024-09-10,33591091
AAPL,2024-10-10,28183544
AAPL,2024-11-10,31759188
AAPL,2025-02-10,39882085
AAPL,2025-03-10,954380
AAPL,2025-04-10,34082240
AAPL,2025-05-10,32993810
AAPL,2025-06-10,46431472
AAPL,2025-09-10,36254470
AAPL,2025-10-10,38846578
AAPL,2025-11-10,52286979
AAPL,2025-12-10,31109503
AAPL,2026-01-10,38802304
AAPL,2026-04-10,36087134
AAPL,2026-06-10,47070907
AAPL,2026-07-10,64370086
AAPL,2024-01-11,65276741
AAPL,2024-04-11,44944468
AAPL,2024-05-11,28111338
AAPL,2024-06-11,54561121
AAPL,2024-07-11,42137691
AAPL,2024-08-11,38328824
AAPL,2024-11-11,42005602
AAPL,2024-12-11,40398299
AAPL,2025-01-11,48566217
AAPL,2025-02-11,44923941
AAPL,2025-03-11,47923696
AAPL,2025-06-11,44686020
AAPL,2025-07-11,36211774
AAPL,2025-08-11,35169566
AAPL,2025-09-11,42108327
AAPL,2025-10-11,38168252
AAPL,2026-01-11,90152832
AAPL,2026-02-11,45986189
AAPL,2026-03-11,33498439
AMZN,2025-04-11,42711682
AMZN,2025-05-11,40610907
AMZN,2025-06-11,65814022
AMZN,2023-01-12,39951833
AMZN,2023-04-12,48294244
AMZN,2023-05-12,46822411
AMZN,2023-06-12,39678960
AMZN,2023-07-12,52352830
AMZN,2023-08-12,41905965
AMZN,2023-11-12,50907288
AMZN,2023-12-12,44944264
AMZN,2024-01-12,52766196
AMZN,2024-02-12,58400848
AMZN,2024-03-12,110089342
AMZN,2024-06-12,62512828
AMZN,2024-07-12,43171292
AMZN,2024-08-12,50322106
AMZN,2024-09-12,36305733
AMZN,2024-10-12,29514093
AMZN,2025-02-12,25067222
AMZN,2025-03-12,31434733
AMZN,2025-04-12,27057002
AMZN,2025-05-12,39823204
AMZN,2024-02-01,47339424
AMZN,2024-03-01,49425495
AMZN,2024-04-01,56039807
AMZN,2024-05-01,45153147
AMZN,2024-08-01,46757053
AMZN,2024-09-01,43812567
AMZN,2024-10-01,44421830
AMZN,2024-11-01,49072691
AMZN,2024-12-01,40484155
AMZN,2025-04-01,41384636
AMZN,2025-05-01,34953363
AMZN,2025-06-01,37850245
AMZN,2025-07-01,51651628
AMZN,2025-10-01,43687468
AMZN,2025-11-01,37986039
AMZN,2025-12-01,48547315
AMZN,2026-01-01,43638592
AMZN,2026-02-01,51047353
AMZN,2026-05-01,45270385
AMZN,2026-06-01,45207430
AMZN,2026-07-01,50284371
AMZN,2024-01-02,76542419
AMZN,2024-02-02,117218313
AMZN,2024-05-02,55081297
AMZN,2024-06-02,42505518
AMZN,2024-07-02,47174060
AMZN,2024-08-02,42316454
AMZN,2024-09-02,56985986
AMZN,2024-12-02,51050440
AMZN,2025-01-02,56345122
AMZN,2025-02-02,42815544
AMZN,2025-03-02,49855196
AMZN,2025-04-02,48107744
AMZN,2025-08-02,41980326
AMZN,2025-09-02,44575623
AMZN,2025-10-02,55392354
AMZN,2025-11-02,59715243
AMZN,2026-02-02,44368614
AMZN,2026-03-02,31141732
AMZN,2026-04-02,28180482
AMZN,2026-05-02,53805359
AMZN,2024-01-03,31981152
AMZN,2024-04-03,37381520
AMZN,2024-05-03,37228343
AMZN,2024-06-03,32090926
AMZN,2024-07-03,34063283
AMZN,2024-08-03,37893242
AMZN,2024-11-03,28484777
AMZN,2024-12-03,36610604
AMZN,2025-01-03,30772600
AMZN,2025-02-03,43705840
AMZN,2025-03-03,72147390
AMZN,2025-06-03,31250688
AMZN,2025-07-03,26880893
AMZN,2025-08-03,29947150
AMZN,2025-09-03,32824320
AMZN,2025-10-03,27995378
AMZN,2026-01-03,29815464
AMZN,2026-02-03,29658982
AMZN,2026-03-03,33272551
AMZN,2026-04-03,38051588
AMZN,2024-01-04,29174521
AMZN,2024-02-04,32611546
AMZN,2024-03-04,31046638
AMZN,2024-04-04,41624261
AMZN,2024-05-04,42373992
AMZN,2024-08-04,39221282
AMZN,2024-09-04,36546946
AMZN,2024-10-04,35879151
AMZN,2024-11-04,40020742
AMZN,2024-12-04,38608849
AMZN,2025-03-04,48052395
AMZN,2025-04-04,32891265
AMZN,2025-05-04,31359673
AMZN,2025-06-04,30723793
AMZN,2025-07-04,56000729
AMZN,2025-10-04,37924890
AMZN,2025-11-04,37046519
AMZN,2025-12-04,34185109
AMZN,2026-01-04,49249390
AMZN,2026-02-04,43919765
AMZN,2026-05-04,54063937
AMZN,2026-06-04,94639786
AMZN,2024-01-05,94645148
AMZN,2024-02-05,54303510
AMZN,2024-03-05,39172004
AMZN,2024-06-05,34725295
AMZN,2024-07-05,34048902
AMZN,2024-08-05,26136350
AMZN,2024-09-05,43368377
AMZN,2024-10-05,34141771
AMZN,2025-01-05,24898613
AMZN,2025-02-05,38698155
AMZN,2025-03-05,75459927
AMZN,2025-04-05,38834450
AMZN,2025-05-05,33175655
AMZN,2025-08-05,30511768
AMZN,2025-09-05,50839129
AMZN,2025-10-05,28148784
AMZN,2025-11-05,33670173
AMZN,2025-12-05,27471640
AMZN,2026-04-05,29926963
AMZN,2026-05-05,32009294
AMZN,2026-06-05,29249229
AMZN,2026-07-05,58903939
AMZN,2024-03-06,30786640
AMZN,2024-04-06,27198388
AMZN,2024-05-06,32116394
AMZN,2024-06-06,31371151
AMZN,2024-07-06,28021473
AMZN,2024-10-06,34494498
AMZN,2024-11-06,27265108
AMZN,2024-12-06,33984216
AMZN,2025-01-06,39721545
AMZN,2025-02-06,25456410
AMZN,2025-05-06,35601907
AMZN,2025-06-06,36659157
AMZN,2025-08-06,44726779
AMZN,2025-09-06,72931754
AMZN,2025-12-06,50610379
AMZN,2026-01-06,45898475
AMZN,2026-02-06,65103893
AMZN,2026-03-06,74397491
AMZN,2026-04-06,76930192
AMZN,2024-01-07,41192011
AMZN,2024-02-07,45600013
AMZN,2024-03-07,31597926
AMZN,2024-05-07,39858885
AMZN,2024-08-07,34767261
AMZN,2024-09-07,32756736
AMZN,2024-10-07,32883753
AMZN,2024-11-07,44565041
AMZN,2024-12-07,30598525
AMZN,2025-03-07,40683227
AMZN,2025-04-07,33994714
AMZN,2025-05-07,48076139
AMZN,2025-06-07,51043626
AMZN,2025-07-07,43081829
AMZN,2025-10-07,39931923
AMZN,2025-11-07,47537670
AMZN,2025-12-07,41532360
AMZN,2026-01-07,44464163
AMZN,2026-02-07,29505964
AMZN,2026-05-07,33270123
AMZN,2026-06-07,39508574
AMZN,2026-07-07,41667326
AMZN,2024-01-08,70435635
AMZN,2024-02-08,141448365
AMZN,2024-05-08,83149437
AMZN,2024-06-08,59950830
AMZN,2024-07-08,48408240
AMZN,2024-08-08,44616206
AMZN,2024-09-08,36401049
AMZN,2024-12-08,30072788
AMZN,2025-01-08,39237915
AMZN,2025-02-08,28843804
AMZN,2025-03-08,51698513
AMZN,2025-04-08,31489175
AMZN,2025-07-08,31129807
AMZN,2025-08-08,26255204
AMZN,2025-09-08,35599120
AMZN,2025-10-08,32047482
AMZN,2025-11-08,29150091
AMZN,2026-02-08,22366236
AMZN,2026-03-08,29841979
AMZN,2026-04-08,29045025
AMZN,2026-05-08,26407815
AMZN,2026-06-08,43429355
AMZN,2024-03-09,37817511
AMZN,2024-04-09,30309225
AMZN,2024-05-09,40170526
AMZN,2024-06-09,41466537
AMZN,2024-09-09,29037362
AMZN,2024-10-09,36233796
AMZN,2024-11-09,42564698
AMZN,2024-12-09,33622483
AMZN,2025-01-09,26495351
AMZN,2025-04-09,26065485
AMZN,2025-05-09,26091682
AMZN,2025-06-09,34448130
AMZN,2025-07-09,39543168
AMZN,2025-08-09,100378553
AMZN,2025-11-09,36993111
AMZN,2025-12-09,43478926
AMZN,2026-01-09,26391144
AMZN,2026-02-09,36334854
AMZN,2026-03-09,36002316
AMZN,2026-06-09,41680400
AMZN,2024-01-10,36044906
AMZN,2024-02-10,23704056
AMZN,2024-03-10,30204302
AMZN,2024-04-10,41079011
AMZN,2024-07-10,42364201
AMZN,2024-08-10,26372086
AMZN,2024-09-10,26343117
AMZN,2024-10-10,27785043
AMZN,2024-11-10,25751557
AMZN,2025-02-10,22614407
AMZN,2025-03-10,32178925
AMZN,2025-04-10,23456812
AMZN,2025-05-10,25039414
AMZN,2025-06-10,37417670
AMZN,2025-09-10,24639393
AMZN,2025-10-10,29650593
AMZN,2025-11-10,31937089
AMZN,2025-12-10,21647395
AMZN,2026-01-10,29362060
AMZN,2026-04-10,27930836
AMZN,2026-05-10,35690158
AMZN,2026-06-10,37707550
AMZN,2026-07-10,75146759
AMZN,2024-01-11,99687847
AMZN,2024-04-11,38492062
AMZN,2024-05-11,30564784
AMZN,2024-06-11,72292167
AMZN,2024-07-11,52878383
AMZN,2024-08-11,36075846
AMZN,2024-11-11,35456012
AMZN,2024-12-11,38942918
AMZN,2025-01-11,46212943
AMZN,2025-02-11,42620309
AMZN,2025-03-11,86591144
AMZN,2025-06-11,36512465
AMZN,2025-07-11,31197867
AMZN,2025-08-11,32768989
AMZN,2025-09-11,58800042
AMZN,2025-10-11,31530844
AMZN,2026-01-11,40685672
AMZN,2026-02-11,41673737
AMZN,2026-03-11,28061638
JNJ,2025-04-11,5909044
JNJ,2025-05-11,5190026
JNJ,2025-06-11,12481867
JNJ,2023-01-12,10342901
JNJ,2023-04-12,8920279
JNJ,2023-05-12,7268151
JNJ,2023-06-12,6642891
JNJ,2023-07-12,6532388
JNJ,2023-08-12,6254673
JNJ,2023-11-12,6090360
JNJ,2023-12-12,5324406
JNJ,2024-01-12,10764575
JNJ,2024-02-12,9240800
JNJ,2024-03-12,21727754
JNJ,2024-06-12,7231383
JNJ,2024-07-12,6651744
JNJ,2024-08-12,7008313
JNJ,2024-09-12,4598843
JNJ,2024-10-12,3798865
JNJ,2025-02-12,4170190
JNJ,2025-03-12,5288101
JNJ,2025-04-12,4377535
JNJ,2025-05-12,4313691
JNJ,2024-02-01,9622108
JNJ,2024-03-01,8231987
JNJ,2024-04-01,6766641
JNJ,2024-05-01,5602564
JNJ,2024-08-01,6569810
JNJ,2024-09-01,6357014
JNJ,2024-10-01,4945088
JNJ,2024-11-01,4946015
JNJ,2024-12-01,4496942
JNJ,2025-04-01,6923174
JNJ,2025-05-01,5072104
JNJ,2025-06-01,5368502
JNJ,2025-07-01,7071320
JNJ,2025-10-01,6824156
JNJ,2025-11-01,9149777
JNJ,2025-12-01,7247926
JNJ,2026-01-01,5478898
JNJ,2026-02-01,5591930
JNJ,2026-05-01,6483190
JNJ,2026-06-01,7200538
JNJ,2026-07-01,8257029
JNJ,2024-01-02,8012122
JNJ,2024-02-02,8295916
JNJ,2024-05-02,9121808
JNJ,2024-06-02,9230611
JNJ,2024-07-02,8690294
JNJ,2024-08-02,9754960
JNJ,2024-09-02,6529202
JNJ,2024-12-02,6701508
JNJ,2025-01-02,8621022
JNJ,2025-02-02,9098805
JNJ,2025-03-02,7462529
JNJ,2025-04-02,8540961
JNJ,2025-08-02,9501742
JNJ,2025-09-02,7473300
JNJ,2025-10-02,8065010
JNJ,2025-11-02,6725963
JNJ,2026-02-02,5465417
JNJ,2026-03-02,5078650
JNJ,2026-04-02,6071076
JNJ,2026-05-02,9849270
JNJ,2024-01-03,5670135
JNJ,2024-04-03,8533083
JNJ,2024-05-03,8298182
JNJ,2024-06-03,5773683
JNJ,2024-07-03,5188726
JNJ,2024-08-03,5283951
JNJ,2024-11-03,4620826
JNJ,2024-12-03,8018736
JNJ,2025-01-03,6260000
JNJ,2025-02-03,6988264
JNJ,2025-03-03,13165500
JNJ,2025-06-03,6602255
JNJ,2025-07-03,7840624
JNJ,2025-08-03,5982304
JNJ,2025-09-03,5915777
JNJ,2025-10-03,7248622
JNJ,2026-01-03,7498100
JNJ,2026-02-03,6864099
JNJ,2026-03-03,8461600
JNJ,2026-04-03,6181503
JNJ,2024-01-04,4364699
JNJ,2024-02-04,6102497
JNJ,2024-03-04,8098242
JNJ,2024-04-04,6947423
JNJ,2024-05-04,6783020
JNJ,2024-08-04,5935415
JNJ,2024-09-04,6135556
JNJ,2024-10-04,6809519
JNJ,2024-11-04,8374434
JNJ,2024-12-04,7100178
JNJ,2025-03-04,8502266
JNJ,2025-04-04,12774859
JNJ,2025-05-04,9378059
JNJ,2025-06-04,9887704
JNJ,2025-07-04,9750751
JNJ,2025-10-04,10118694
JNJ,2025-11-04,10110442
JNJ,2025-12-04,9756259
JNJ,2026-01-04,7642732
JNJ,2026-02-04,6182982
JNJ,2026-05-04,6461588
JNJ,2026-06-04,8817719
JNJ,2024-01-05,14473711
JNJ,2024-02-05,8459796
JNJ,2024-03-05,6532718
JNJ,2024-06-05,5042757
JNJ,2024-07-05,7333730
JNJ,2024-08-05,7735148
JNJ,2024-09-05,6546153
JNJ,2024-10-05,5710566
JNJ,2025-01-05,5628467
JNJ,2025-02-05,8254171
JNJ,2025-03-05,5547955
JNJ,2025-04-05,7590959
JNJ,2025-05-05,6521794
JNJ,2025-08-05,7742280
JNJ,2025-09-05,5492354
JNJ,2025-10-05,6609788
JNJ,2025-11-05,8000422
JNJ,2025-12-05,9520576
JNJ,2026-04-05,10499829
JNJ,2026-05-05,8263810
JNJ,2026-06-05,8491111
JNJ,2026-07-05,14621203
JNJ,2024-03-06,7329241
JNJ,2024-04-06,8876441
JNJ,2024-05-06,5891299
JNJ,2024-06-06,5016301
JNJ,2024-07-06,5111626
JNJ,2024-10-06,5751309
JNJ,2024-11-06,5661236
JNJ,2024-12-06,6180493
JNJ,2025-01-06,6840374
JNJ,2025-02-06,4075342
JNJ,2025-05-06,6666583
JNJ,2025-06-06,6156572
JNJ,2025-08-06,8749717
JNJ,2025-09-06,15176869
JNJ,2025-12-06,6914671
JNJ,2026-01-06,6620303
JNJ,2026-02-06,5267809
JNJ,2026-03-06,5739246
JNJ,2026-04-06,10495735
JNJ,2024-01-07,5144443
JNJ,2024-02-07,5491962
JNJ,2024-03-07,3246157
JNJ,2024-05-07,4888535
JNJ,2024-08-07,5260229
JNJ,2024-09-07,5892187
JNJ,2024-10-07,6093187
JNJ,2024-11-07,6352109
JNJ,2024-12-07,5336394
JNJ,2025-03-07,6711354
JNJ,2025-04-07,6469582
JNJ,2025-05-07,13801429
JNJ,2025-06-07,10166247
JNJ,2025-07-07,7398036
JNJ,2025-10-07,6840609
JNJ,2025-11-07,6261870
JNJ,2025-12-07,7168217
JNJ,2026-01-07,10019578
JNJ,2026-02-07,8356878
JNJ,2026-05-07,5625204
JNJ,2026-06-07,6545677
JNJ,2026-07-07,8293239
JNJ,2024-01-08,7213419
JNJ,2024-02-08,11280357
JNJ,2024-05-08,12032209
JNJ,2024-06-08,7607144
JNJ,2024-07-08,5993028
JNJ,2024-08-08,5094830
JNJ,2024-09-08,4579186
JNJ,2024-12-08,7605419
JNJ,2025-01-08,9711395
JNJ,2025-02-08,5141249
JNJ,2025-03-08,7237785
JNJ,2025-04-08,5012774
JNJ,2025-07-08,4408517
JNJ,2025-08-08,7275133
JNJ,2025-09-08,5019375
JNJ,2025-10-08,6552142
JNJ,2025-11-08,7093429
JNJ,2026-02-08,6870622
JNJ,2026-03-08,4388728
JNJ,2026-04-08,5187198
JNJ,2026-05-08,7390125
JNJ,2026-06-08,7971017
JNJ,2024-03-09,6956452
JNJ,2024-04-09,6939132
JNJ,2024-05-09,4600392
JNJ,2024-06-09,6016884
JNJ,2024-09-09,7538233
JNJ,2024-10-09,6559734
JNJ,2024-11-09,5920165
JNJ,2024-12-09,4541046
JNJ,2025-01-09,3693548
JNJ,2025-04-09,5187887
JNJ,2025-05-09,5066586
JNJ,2025-06-09,4722765
JNJ,2025-07-09,4956119
JNJ,2025-08-09,11838967
JNJ,2025-11-09,4671645
JNJ,2025-12-09,6041561
JNJ,2026-01-09,5420011
JNJ,2026-02-09,6122231
JNJ,2026-03-09,7553905
JNJ,2026-06-09,6010407
JNJ,2024-01-10,4408019
JNJ,2024-02-10,4684472
JNJ,2024-03-10,4791223
JNJ,2024-04-10,5331694
JNJ,2024-07-10,4265971
JNJ,2024-08-10,4766250
JNJ,2024-09-10,6047269
JNJ,2024-10-10,4793889
JNJ,2024-11-10,5253459
JNJ,2025-02-10,5963961
JNJ,2025-03-10,10547966
JNJ,2025-04-10,5982291
JNJ,2025-05-10,4798238
JNJ,2025-06-10,5908012
JNJ,2025-09-10,6082736
JNJ,2025-10-10,5680612
JNJ,2025-11-10,7442026
JNJ,2025-12-10,5386525
JNJ,2026-01-10,6400449
JNJ,2026-04-10,4842653
JNJ,2026-05-10,5216879
JNJ,2026-06-10,5820530
JNJ,2026-07-10,8613860
JNJ,2024-01-11,5256652
JNJ,2024-04-11,4644011
JNJ,2024-05-11,6547074
JNJ,2024-06-11,8926601
JNJ,2024-07-11,7522812
JNJ,2024-08-11,8926134
JNJ,2024-11-11,7146759
JNJ,2024-12-11,7181408
JNJ,2025-01-11,7162233
JNJ,2025-02-11,7716385
JNJ,2025-03-11,11328515
JNJ,2025-06-11,7514177
JNJ,2025-07-11,8233678
JNJ,2025-08-11,9061274
JNJ,2025-09-11,10141056
JNJ,2025-10-11,8265961
JNJ,2026-01-11,12256242
JNJ,2026-02-11,5683499
JNJ,2026-03-11,4140444
JPM,2025-04-11,6582937
JPM,2025-05-11,9126053
JPM,2025-06-11,9869790
JPM,2023-01-12,8916001
JPM,2023-04-12,9607465
JPM,2023-05-12,9135597
JPM,2023-06-12,9366004
JPM,2023-07-12,8130874
JPM,2023-08-12,7369370
JPM,2023-11-12,8093908
JPM,2023-12-12,10222978
JPM,2024-01-12,12379098
JPM,2024-02-12,13642990
JPM,2024-03-12,20309348
JPM,2024-06-12,8469608
JPM,2024-07-12,10345691
JPM,2024-08-12,10734709
JPM,2024-09-12,7601678
JPM,2024-10-12,6576322
JPM,2025-02-12,4683605
JPM,2025-03-12,6428643
JPM,2025-04-12,6320129
JPM,2025-05-12,6435102
JPM,2024-02-01,9977424
JPM,2024-03-01,9852335
JPM,2024-04-01,11972545
JPM,2024-05-01,10066029
JPM,2024-08-01,11229916
JPM,2024-09-01,9923630
JPM,2024-10-01,9670218
JPM,2024-11-01,11919498
JPM,2024-12-01,19436504
JPM,2025-04-01,17206420
JPM,2025-05-01,11107466
JPM,2025-06-01,9382255
JPM,2025-07-01,13115664
JPM,2025-10-01,12837505
JPM,2025-11-01,8360829
JPM,2025-12-01,9967060
JPM,2026-01-01,8873481
JPM,2026-02-01,7442955
JPM,2026-05-01,6971192
JPM,2026-06-01,10822075
JPM,2026-07-01,11521820
JPM,2024-01-02,9354798
JPM,2024-02-02,8607839
JPM,2024-05-02,7820160
JPM,2024-06-02,6765684
JPM,2024-07-02,7225478
JPM,2024-08-02,6060285
JPM,2024-09-02,6296729
JPM,2024-12-02,8539316
JPM,2025-01-02,8397631
JPM,2025-02-02,7056664
JPM,2025-03-02,8723390
JPM,2025-04-02,8152647
JPM,2025-08-02,9667959
JPM,2025-09-02,7027857
JPM,2025-10-02,9296459
JPM,2025-11-02,7105833
JPM,2026-02-02,7145391
JPM,2026-03-02,5717065
JPM,2026-04-02,6131608
JPM,2026-05-02,9643012
JPM,2024-01-03,6311996
JPM,2024-04-03,7063605
JPM,2024-05-03,6617832
JPM,2024-06-03,7572891
JPM,2024-07-03,7618277
JPM,2024-08-03,6172199
JPM,2024-11-03,5762569
JPM,2024-12-03,5708384
JPM,2025-01-03,7795535
JPM,2025-02-03,10310948
JPM,2025-03-03,17214229
JPM,2025-06-03,9013843
JPM,2025-07-03,8478717
JPM,2025-08-03,9367043
JPM,2025-09-03,11203796
JPM,2025-10-03,8108840
JPM,2026-01-03,8620015
JPM,2026-02-03,5961484
JPM,2026-03-03,8725757
JPM,2026-04-03,8628313
JPM,2024-01-04,7309009
JPM,2024-02-04,7014683
JPM,2024-03-04,9353426
JPM,2024-04-04,9243793
JPM,2024-05-04,6532278
JPM,2024-08-04,8000963
JPM,2024-09-04,7358631
JPM,2024-10-04,7681377
JPM,2024-11-04,10137699
JPM,2024-12-04,31532308
JPM,2025-03-04,14766592
JPM,2025-04-04,16451801
JPM,2025-05-04,9017093
JPM,2025-06-04,9557720
JPM,2025-07-04,13402313
JPM,2025-10-04,11529668
JPM,2025-11-04,9144372
JPM,2025-12-04,6964905
JPM,2026-01-04,9802265
JPM,2026-02-04,6413655
JPM,2026-05-04,5411129
JPM,2026-06-04,8153681
JPM,2024-01-05,7446703
JPM,2024-02-05,6501657
JPM,2024-03-05,8922775
JPM,2024-06-05,7911134
JPM,2024-07-05,7688771
JPM,2024-08-05,9227561
JPM,2024-09-05,7977291
JPM,2024-10-05,7529790
JPM,2025-01-05,7049241
JPM,2025-02-05,8596175
JPM,2025-03-05,8369975
JPM,2025-04-05,8497927
JPM,2025-05-05,9260490
JPM,2025-08-05,17373253
JPM,2025-09-05,14420799
JPM,2025-10-05,9425338
JPM,2025-11-05,8069445
JPM,2025-12-05,7356233
JPM,2026-04-05,6910206
JPM,2026-05-05,6120045
JPM,2026-06-05,6829719
JPM,2026-07-05,14417885
JPM,2024-03-06,6444309
JPM,2024-04-06,6848338
JPM,2024-05-06,8351597
JPM,2024-06-06,7640289
JPM,2024-07-06,6964498
JPM,2024-10-06,6071201
JPM,2024-11-06,9235302
JPM,2024-12-06,12751329
JPM,2025-01-06,8587786
JPM,2025-02-06,6874029
JPM,2025-05-06,8725445
JPM,2025-06-06,9022971
JPM,2025-08-06,8731062
JPM,2025-09-06,20972495
JPM,2025-12-06,9785929
JPM,2026-01-06,6915909
JPM,2026-02-06,7758582
JPM,2026-03-06,7913453
JPM,2026-04-06,15307616
JPM,2024-01-07,10205836
JPM,2024-02-07,7802936
JPM,2024-03-07,5560925
JPM,2024-05-07,8093096
JPM,2024-08-07,8706967
JPM,2024-09-07,9060258
JPM,2024-10-07,8328493
JPM,2024-11-07,10666937
JPM,2024-12-07,15443441
JPM,2025-03-07,10719670
JPM,2025-04-07,11557018
JPM,2025-05-07,11572470
JPM,2025-06-07,12415125
JPM,2025-07-07,8095898
JPM,2025-10-07,7663223
JPM,2025-11-07,5557262
JPM,2025-12-07,7118957
JPM,2026-01-07,6403774
JPM,2026-02-07,8027787
JPM,2026-05-07,6533636
JPM,2026-06-07,8850705
JPM,2026-07-07,9071637
JPM,2024-01-08,10918644
JPM,2024-02-08,18041676
JPM,2024-05-08,13926997
JPM,2024-06-08,10605780
JPM,2024-07-08,9204434
JPM,2024-08-08,7761199
JPM,2024-09-08,5540240
JPM,2024-12-08,6935954
JPM,2025-01-08,6387942
JPM,2025-02-08,6999809
JPM,2025-03-08,7001005
JPM,2025-04-08,7931234
JPM,2025-07-08,6090818
JPM,2025-08-08,5640223
JPM,2025-09-08,5202472
JPM,2025-10-08,5247098
JPM,2025-11-08,7213981
JPM,2026-02-08,5105245
JPM,2026-03-08,5185221
JPM,2026-04-08,6506402
JPM,2026-05-08,6416149
JPM,2026-06-08,8574128
JPM,2024-03-09,8956089
JPM,2024-04-09,7389474
JPM,2024-05-09,8067874
JPM,2024-06-09,7776998
JPM,2024-09-09,8935074
JPM,2024-10-09,28406903
JPM,2024-11-09,13658743
JPM,2024-12-09,9055756
JPM,2025-01-09,10226694
JPM,2025-04-09,8634936
JPM,2025-05-09,7573345
JPM,2025-06-09,8259876
JPM,2025-07-09,11635168
JPM,2025-08-09,20884974
JPM,2025-11-09,7223491
JPM,2025-12-09,7323239
JPM,2026-01-09,8976520
JPM,2026-02-09,7807480
JPM,2026-03-09,7032450
JPM,2026-06-09,8668314
JPM,2024-01-10,8540064
JPM,2024-02-10,5810931
JPM,2024-03-10,7251325
JPM,2024-04-10,10213415
JPM,2024-07-10,6718898
JPM,2024-08-10,6021772
JPM,2024-09-10,7023998
JPM,2024-10-10,7927051
JPM,2024-11-10,18320650
JPM,2025-02-10,9048925
JPM,2025-03-10,9235825
JPM,2025-04-10,6382515
JPM,2025-05-10,6470186
JPM,2025-06-10,7000543
JPM,2025-09-10,5869959
JPM,2025-10-10,9586793
JPM,2025-11-10,6180528
JPM,2025-12-10,6002202
JPM,2026-01-10,6369720
JPM,2026-04-10,6842956
JPM,2026-05-10,6580004
JPM,2026-06-10,7110941
JPM,2026-07-10,7829932
JPM,2024-01-11,6923452
JPM,2024-04-11,8229588
JPM,2024-05-11,5600686
JPM,2024-06-11,23987753
JPM,2024-07-11,16451071
JPM,2024-08-11,9502100
JPM,2024-11-11,9017079
JPM,2024-12-11,6860956
JPM,2025-01-11,11472557
JPM,2025-02-11,10172202
JPM,2025-03-11,11518836
JPM,2025-06-11,9052575
JPM,2025-07-11,6792660
JPM,2025-08-11,9015290
JPM,2025-09-11,8783516
JPM,2025-10-11,7997307
JPM,2026-01-11,10295350
JPM,2026-02-11,6212142
JPM,2026-03-11,5472265
MSFT,2025-04-11,20453112
MSFT,2025-05-11,28963399
MSFT,2025-06-11,30554415
MSFT,2023-01-12,33040472
MSFT,2023-04-12,32063305
MSFT,2023-05-12,23065035
MSFT,2023-06-12,21182072
MSFT,2023-07-12,23118864
MSFT,2023-08-12,20154366
MSFT,2023-11-12,27708757
MSFT,2023-12-12,24838253
MSFT,2024-01-12,30955531
MSFT,2024-02-12,43277461
MSFT,2024-03-12,78502324
MSFT,2024-06-12,21802878
MSFT,2024-07-12,20603658
MSFT,2024-08-12,26316650
MSFT,2024-09-12,17708006
MSFT,2024-10-12,17107484
MSFT,2025-02-12,12673050
MSFT,2025-03-12,14905412
MSFT,2025-04-12,14327013
MSFT,2025-05-12,18730838
MSFT,2024-02-01,25258633
MSFT,2024-03-01,23083465
MSFT,2024-04-01,20901502
MSFT,2024-05-01,21004575
MSFT,2024-08-01,23133967
MSFT,2024-09-01,20829953
MSFT,2024-10-01,25514245
MSFT,2024-11-01,27850846
MSFT,2024-12-01,21661153
MSFT,2025-04-01,27202268
MSFT,2025-05-01,22234108
MSFT,2025-06-01,23392068
MSFT,2025-07-01,29331136
MSFT,2025-10-01,27016902
MSFT,2025-11-01,20525882
MSFT,2025-12-01,24866953
MSFT,2026-01-01,21021155
MSFT,2026-02-01,17803271
MSFT,2026-05-01,24510236
MSFT,2026-06-01,33477610
MSFT,2026-07-01,47871097
MSFT,2024-01-02,30657726
MSFT,2024-02-02,28256670
MSFT,2024-05-02,25352286
MSFT,2024-06-02,18382624
MSFT,2024-07-02,22340526
MSFT,2024-08-02,21225257
MSFT,2024-09-02,22032844
MSFT,2024-12-02,21202921
MSFT,2025-01-02,27824936
MSFT,2025-02-02,20401190
MSFT,2025-03-02,21825525
MSFT,2025-04-02,22296495
MSFT,2025-08-02,24307915
MSFT,2025-09-02,18631072
MSFT,2025-10-02,27009869
MSFT,2025-11-02,16295879
MSFT,2026-02-02,16193505
MSFT,2026-03-02,14835827
MSFT,2026-04-02,13183125
MSFT,2026-05-02,31947263
MSFT,2024-01-03,17823445
MSFT,2024-04-03,17595956
MSFT,2024-05-03,26919177
MSFT,2024-06-03,22344149
MSFT,2024-07-03,18718479
MSFT,2024-08-03,18002186
MSFT,2024-11-03,16120752
MSFT,2024-12-03,22457003
MSFT,2025-01-03,17115931
MSFT,2025-02-03,34157299
MSFT,2025-03-03,45079903
MSFT,2025-06-03,20105977
MSFT,2025-07-03,19837915
MSFT,2025-08-03,17860085
MSFT,2025-09-03,21296222
MSFT,2025-10-03,17648473
MSFT,2026-01-03,18060450
MSFT,2026-02-03,16725647
MSFT,2026-03-03,16704978
MSFT,2026-04-03,21871161
MSFT,2024-01-04,16315961
MSFT,2024-02-04,17911992
MSFT,2024-03-04,16502264
MSFT,2024-04-04,19370875
MSFT,2024-05-04,16554761
MSFT,2024-08-04,14272387
MSFT,2024-09-04,12512289
MSFT,2024-10-04,16216581
MSFT,2024-11-04,17966423
MSFT,2024-12-04,19253750
MSFT,2025-03-04,20273538
MSFT,2025-04-04,16765616
MSFT,2025-05-04,15855485
MSFT,2025-06-04,21029917
MSFT,2025-07-04,30565789
MSFT,2025-10-04,20286875
MSFT,2025-11-04,15734501
MSFT,2025-12-04,15065330
MSFT,2026-01-04,40586450
MSFT,2026-02-04,29694654
MSFT,2026-05-04,19582091
MSFT,2026-06-04,28781374
MSFT,2024-01-05,23562481
MSFT,2024-02-05,17709364
MSFT,2024-03-05,17446724
MSFT,2024-06-05,16996639
MSFT,2024-07-05,20018228
MSFT,2024-08-05,11792308
MSFT,2024-09-05,14689727
MSFT,2024-10-05,13402281
MSFT,2025-01-05,15440226
MSFT,2025-02-05,15109306
MSFT,2025-03-05,22239533
MSFT,2025-04-05,17530050
MSFT,2025-05-05,15352239
MSFT,2025-08-05,16272137
MSFT,2025-09-05,21453255
MSFT,2025-10-05,18073698
MSFT,2025-11-05,17211689
MSFT,2025-12-05,11855285
MSFT,2026-04-05,15718024
MSFT,2026-05-05,15517130
MSFT,2026-06-05,28424847
MSFT,2026-07-05,47995250
MSFT,2024-03-06,17484675
MSFT,2024-04-06,14348917
MSFT,2024-05-06,16988038
MSFT,2024-06-06,14861251
MSFT,2024-07-06,13621650
MSFT,2024-10-06,14003034
MSFT,2024-11-06,14551101
MSFT,2024-12-06,22366233
MSFT,2025-01-06,15960565
MSFT,2025-02-06,13581985
MSFT,2025-05-06,20790030
MSFT,2025-06-06,17112504
MSFT,2025-08-06,19877378
MSFT,2025-09-06,34486172
MSFT,2025-12-06,15913719
MSFT,2026-01-06,16747529
MSFT,2026-02-06,16507030
MSFT,2026-03-06,14806324
MSFT,2026-04-06,28362271
MSFT,2024-01-07,17662818
MSFT,2024-02-07,13979779
MSFT,2024-03-07,9932830
MSFT,2024-05-07,16000290
MSFT,2024-08-07,12962321
MSFT,2024-09-07,17228507
MSFT,2024-10-07,18196100
MSFT,2024-11-07,23111175
MSFT,2024-12-07,16324274
MSFT,2025-03-07,14429447
MSFT,2025-04-07,17175679
MSFT,2025-05-07,21754021
MSFT,2025-06-07,20794822
MSFT,2025-07-07,20940417
MSFT,2025-10-07,15808755
MSFT,2025-11-07,13107050
MSFT,2025-12-07,26805800
MSFT,2026-01-07,29943795
MSFT,2026-02-07,23583839
MSFT,2026-05-07,15125836
MSFT,2026-06-07,32687578
MSFT,2026-07-07,42891366
MSFT,2024-01-08,30296400
MSFT,2024-02-08,29437900
MSFT,2024-05-08,40709238
MSFT,2024-06-08,24946525
MSFT,2024-07-08,20650906
MSFT,2024-08-08,20203030
MSFT,2024-09-08,19276666
MSFT,2024-12-08,16762883
MSFT,2025-01-08,19414271
MSFT,2025-02-08,18266980
MSFT,2025-03-08,20752144
MSFT,2025-04-08,22775593
MSFT,2025-07-08,15233957
MSFT,2025-08-08,16387581
MSFT,2025-09-08,16067298
MSFT,2025-10-08,19361901
MSFT,2025-11-08,18493784
MSFT,2026-02-08,13152830
MSFT,2026-03-08,13492911
MSFT,2026-04-08,14882660
MSFT,2026-05-08,17045241
MSFT,2026-06-08,24308324
MSFT,2024-03-09,20313603
MSFT,2024-04-09,15135806
MSFT,2024-05-09,14195516
MSFT,2024-06-09,19609526
MSFT,2024-09-09,15295134
MSFT,2024-10-09,19594287
MSFT,2024-11-09,19266923
MSFT,2024-12-09,17418759
MSFT,2025-01-09,15874555
MSFT,2025-04-09,13834697
MSFT,2025-05-09,18874231
MSFT,2025-06-09,18898042
MSFT,2025-07-09,21706559
MSFT,2025-08-09,55167106
MSFT,2025-11-09,15128891
MSFT,2025-12-09,17015754
MSFT,2026-01-09,13396364
MSFT,2026-02-09,14492044
MSFT,2026-03-09,14896131
MSFT,2026-06-09,16854606
MSFT,2024-01-10,19092945
MSFT,2024-02-10,16582257
MSFT,2024-03-10,13686421
MSFT,2024-04-10,19190913
MSFT,2024-07-10,20919761
MSFT,2024-08-10,19229261
MSFT,2024-09-10,14974257
MSFT,2024-10-10,13848376
MSFT,2024-11-10,14144944
MSFT,2025-02-10,16653086
MSFT,2025-03-10,18900201
MSFT,2025-04-10,15508932
MSFT,2025-05-10,14820004
MSFT,2025-06-10,17145317
MSFT,2025-09-10,14206115
MSFT,2025-10-10,25482197
MSFT,2025-11-10,19654379
MSFT,2025-12-10,13581631
MSFT,2026-01-10,16899064
MSFT,2026-04-10,14882444
MSFT,2026-05-10,17644080
MSFT,2026-06-10,29749149
MSFT,2026-07-10,53970981
MSFT,2024-01-11,24230442
MSFT,2024-04-11,19672286
MSFT,2024-05-11,17626011
MSFT,2024-06-11,26681842
MSFT,2024-07-11,19901782
MSFT,2024-08-11,16891414
MSFT,2024-11-11,24503321
MSFT,2024-12-11,19401204
MSFT,2025-01-11,21502185
MSFT,2025-02-11,30246881
MSFT,2025-03-11,28247644
MSFT,2025-06-11,24742013
MSFT,2025-07-11,18133529
MSFT,2025-08-11,19191655
MSFT,2025-09-11,20780162
MSFT,2025-10-11,24814626
MSFT,2026-01-11,27691090
MSFT,2026-02-11,23458889
MSFT,2026-03-11,18332444
NFLX,2025-04-11,2890164
NFLX,2025-05-11,2855540
NFLX,2025-06-11,4287349
NFLX,2023-01-12,4341471
NFLX,2023-04-12,5157713
NFLX,2023-05-12,3380674
NFLX,2023-06-12,4178755
NFLX,2023-07-12,3506722
NFLX,2023-08-12,3458384
NFLX,2023-11-12,4929662
NFLX,2023-12-12,3302660
NFLX,2024-01-12,5820192
NFLX,2024-02-12,5176437
NFLX,2024-03-12,7840992
NFLX,2024-06-12,6410660
NFLX,2024-07-12,3849014
NFLX,2024-08-12,4563690
NFLX,2024-09-12,2756225
NFLX,2024-10-12,2702672
NFLX,2025-02-12,2034517
NFLX,2025-03-12,2561330
NFLX,2025-04-12,1710492
NFLX,2025-05-12,2740555
NFLX,2024-02-01,5049423
NFLX,2024-03-01,3443694
NFLX,2024-04-01,3636513
NFLX,2024-05-01,2631250
NFLX,2024-08-01,3675775
NFLX,2024-09-01,3526757
NFLX,2024-10-01,4342448
NFLX,2024-11-01,7993265
NFLX,2024-12-01,5003718
NFLX,2025-04-01,4678974
NFLX,2025-05-01,4894593
NFLX,2025-06-01,4054399
NFLX,2025-07-01,5672351
NFLX,2025-10-01,5212309
NFLX,2025-11-01,15506024
NFLX,2025-12-01,26432797
NFLX,2026-01-01,9451915
NFLX,2026-02-01,12770571
NFLX,2026-05-01,6905390
NFLX,2026-06-01,6181798
NFLX,2026-07-01,4857599
NFLX,2024-01-02,3174002
NFLX,2024-02-02,4032843
NFLX,2024-05-02,4143099
NFLX,2024-06-02,2840300
NFLX,2024-07-02,4373591
NFLX,2024-08-02,3175468
NFLX,2024-09-02,3055698
NFLX,2024-12-02,3608487
NFLX,2025-01-02,3511453
NFLX,2025-02-02,5634226
NFLX,2025-03-02,5220938
NFLX,2025-04-02,4325689
NFLX,2025-08-02,3124236
NFLX,2025-09-02,2281143
NFLX,2025-10-02,3526597
NFLX,2025-11-02,2568852
NFLX,2026-02-02,2393712
NFLX,2026-03-02,4489355
NFLX,2026-04-02,2605242
NFLX,2026-05-02,3572082
NFLX,2024-01-03,4270305
NFLX,2024-04-03,3020306
NFLX,2024-05-03,3849563
NFLX,2024-06-03,2469592
NFLX,2024-07-03,2742805
NFLX,2024-08-03,2777243
NFLX,2024-11-03,2500940
NFLX,2024-12-03,2821631
NFLX,2025-01-03,2192094
NFLX,2025-02-03,3120452
NFLX,2025-03-03,6671629
NFLX,2025-06-03,3344244
NFLX,2025-07-03,2142613
NFLX,2025-08-03,2639509
NFLX,2025-09-03,2507671
NFLX,2025-10-03,2135688
NFLX,2026-01-03,1803264
NFLX,2026-02-03,2804453
NFLX,2026-03-03,2628267
NFLX,2026-04-03,3708803
NFLX,2024-01-04,2115925
NFLX,2024-02-04,2029217
NFLX,2024-03-04,2931231
NFLX,2024-04-04,3064349
NFLX,2024-05-04,3378842
NFLX,2024-08-04,2145731
NFLX,2024-09-04,2146635
NFLX,2024-10-04,2806248
NFLX,2024-11-04,2662662
NFLX,2024-12-04,2959269
NFLX,2025-03-04,3085394
NFLX,2025-04-04,3519122
NFLX,2025-05-04,3312222
NFLX,2025-06-04,8468407
NFLX,2025-07-04,16449699
NFLX,2025-10-04,8597651
NFLX,2025-11-04,4975520
NFLX,2025-12-04,5355312
NFLX,2026-01-04,3807101
NFLX,2026-02-04,4332593
NFLX,2026-05-04,2508882
NFLX,2026-06-04,3361492
NFLX,2024-01-05,3473233
NFLX,2024-02-05,3068228
NFLX,2024-03-05,3307524
NFLX,2024-06-05,3686337
NFLX,2024-07-05,3614092
NFLX,2024-08-05,3093904
NFLX,2024-09-05,2065375
NFLX,2024-10-05,2653586
NFLX,2025-01-05,2086197
NFLX,2025-02-05,2792358
NFLX,2025-03-05,5670607
NFLX,2025-04-05,3056350
NFLX,2025-05-05,3782708
NFLX,2025-08-05,3857853
NFLX,2025-09-05,2920155
NFLX,2025-10-05,2176174
NFLX,2025-11-05,2313939
NFLX,2025-12-05,2615260
NFLX,2026-04-05,2609451
NFLX,2026-05-05,3695935
NFLX,2026-06-05,2393354
NFLX,2026-07-05,4071023
NFLX,2024-03-06,2323506
NFLX,2024-04-06,3008151
NFLX,2024-05-06,2682614
NFLX,2024-06-06,2466664
NFLX,2024-07-06,1876631
NFLX,2024-10-06,2066759
NFLX,2024-11-06,2167417
NFLX,2024-12-06,2094381
NFLX,2025-01-06,1863587
NFLX,2025-02-06,4447116
NFLX,2025-05-06,3631184
NFLX,2025-06-06,2943775
NFLX,2025-08-06,2585089
NFLX,2025-09-06,4557086
NFLX,2025-12-06,3916335
NFLX,2026-01-06,2278768
NFLX,2026-02-06,3545815
NFLX,2026-03-06,2404849
NFLX,2026-04-06,3412391
NFLX,2024-01-07,2212826
NFLX,2024-02-07,2411426
NFLX,2024-03-07,1403545
NFLX,2024-05-07,2659065
NFLX,2024-08-07,1930786
NFLX,2024-09-07,2599474
NFLX,2024-10-07,2651928
NFLX,2024-11-07,5111928
NFLX,2024-12-07,3355197
NFLX,2025-03-07,3208763
NFLX,2025-04-07,2685706
NFLX,2025-05-07,4017277
NFLX,2025-06-07,7575763
NFLX,2025-07-07,9815631
NFLX,2025-10-07,5219077
NFLX,2025-11-07,2463579
NFLX,2025-12-07,4888163
NFLX,2026-01-07,4554539
NFLX,2026-02-07,3120659
NFLX,2026-05-07,2400537
NFLX,2026-06-07,3496609
NFLX,2026-07-07,3134877
NFLX,2024-01-08,3720573
NFLX,2024-02-08,3523003
NFLX,2024-05-08,4044235
NFLX,2024-06-08,4319057
NFLX,2024-07-08,3187791
NFLX,2024-08-08,3283542
NFLX,2024-09-08,1980836
NFLX,2024-12-08,2331712
NFLX,2025-01-08,2639571
NFLX,2025-02-08,4014344
NFLX,2025-03-08,3210173
NFLX,2025-04-08,3511014
NFLX,2025-07-08,3016227
NFLX,2025-08-08,4813118
NFLX,2025-09-08,2235343
NFLX,2025-10-08,2729389
NFLX,2025-11-08,2354450
NFLX,2026-02-08,1354154
NFLX,2026-03-08,3164878
NFLX,2026-04-08,2430583
NFLX,2026-05-08,2186974
NFLX,2026-06-08,3266723
NFLX,2024-03-09,3160964
NFLX,2024-04-09,1785337
NFLX,2024-05-09,1810072
NFLX,2024-06-09,2991265
NFLX,2024-09-09,2683111
NFLX,2024-10-09,2079182
NFLX,2024-11-09,2391924
NFLX,2024-12-09,2588437
NFLX,2025-01-09,2276482
NFLX,2025-04-09,1843745
NFLX,2025-05-09,2298630
NFLX,2025-06-09,2984411
NFLX,2025-07-09,4228480
NFLX,2025-08-09,3998062
NFLX,2025-11-09,3224344
NFLX,2025-12-09,3565731
NFLX,2026-01-09,2259775
NFLX,2026-02-09,2832962
NFLX,2026-03-09,2395613
NFLX,2026-06-09,1711508
NFLX,2024-01-10,2813482
NFLX,2024-02-10,1758167
NFLX,2024-03-10,2256449
NFLX,2024-04-10,2230139
NFLX,2024-07-10,3360520
NFLX,2024-08-10,3187402
NFLX,2024-09-10,1981070
NFLX,2024-10-10,2767862
NFLX,2024-11-10,2299525
NFLX,2025-02-10,2797071
NFLX,2025-03-10,2932752
NFLX,2025-04-10,2494276
NFLX,2025-05-10,8926672
NFLX,2025-06-10,15974119
NFLX,2025-09-10,6057093
NFLX,2025-10-10,2987252
NFLX,2025-11-10,3749007
NFLX,2025-12-10,2642962
NFLX,2026-01-10,2819473
NFLX,2026-04-10,2862405
NFLX,2026-05-10,3660433
NFLX,2026-06-10,1722002
NFLX,2026-07-10,3057709
NFLX,2024-01-11,2996829
NFLX,2024-04-11,1902194
NFLX,2024-05-11,2200645
NFLX,2024-06-11,3690817
NFLX,2024-07-11,3295074
NFLX,2024-08-11,1910626
NFLX,2024-11-11,2399150
NFLX,2024-12-11,2814064
NFLX,2025-01-11,2767772
NFLX,2025-02-11,3038231
NFLX,2025-03-11,3673720
NFLX,2025-06-11,4084081
NFLX,2025-07-11,3814227
NFLX,2025-08-11,4093843
NFLX,2025-09-11,4511263
NFLX,2025-10-11,3214020
NFLX,2026-01-11,6014203
NFLX,2026-02-11,3138259
NFLX,2026-03-11,2578222
NVDA,2025-04-11,40149085
NVDA,2025-05-11,38200465
NVDA,2025-06-11,52624663
NVDA,2023-01-12,36931701
NVDA,2023-04-12,43754344
NVDA,2023-05-12,37171762
NVDA,2023-06-12,38058955
NVDA,2023-07-12,35082255
NVDA,2023-08-12,35922370
NVDA,2023-11-12,50972809
NVDA,2023-12-12,37238686
NVDA,2024-01-12,44779186
NVDA,2024-02-12,39123174
NVDA,2024-03-12,47994758
NVDA,2024-06-12,41258717
NVDA,2024-07-12,46444446
NVDA,2024-08-12,39789439
NVDA,2024-09-12,30042535
NVDA,2024-10-12,25250676
NVDA,2025-02-12,24419952
NVDA,2025-03-12,23364798
NVDA,2025-04-12,24658748
NVDA,2025-05-12,38929330
NVDA,2024-02-01,41125422
NVDA,2024-03-01,32089617
NVDA,2024-04-01,30653489
NVDA,2024-05-01,41503927
NVDA,2024-08-01,64250990
NVDA,2024-09-01,77310006
NVDA,2024-10-01,53379576
NVDA,2024-11-01,59675877
NVDA,2024-12-01,35299360
NVDA,2025-04-01,44957973
NVDA,2025-05-01,47439444
NVDA,2025-06-01,49165036
NVDA,2025-07-01,54350148
NVDA,2025-10-01,45295463
NVDA,2025-11-01,29465445
NVDA,2025-12-01,56027076
NVDA,2026-01-01,48277684
NVDA,2026-02-01,39030859
NVDA,2026-05-01,34873298
NVDA,2026-06-01,41073530
NVDA,2026-07-01,45379487
NVDA,2024-01-02,36914579
NVDA,2024-02-02,47657765
NVDA,2024-05-02,68007801
NVDA,2024-06-02,68311136
NVDA,2024-07-02,49557455
NVDA,2024-08-02,41442211
NVDA,2024-09-02,43663689
NVDA,2024-12-02,61371018
NVDA,2025-01-02,60258015
NVDA,2025-02-02,50491742
NVDA,2025-03-02,42012181
NVDA,2025-04-02,49532662
NVDA,2025-08-02,70483310
NVDA,2025-09-02,69029813
NVDA,2025-10-02,86509974
NVDA,2025-11-02,82938837
NVDA,2026-02-02,50397273
NVDA,2026-03-02,39170524
NVDA,2026-04-02,39311040
NVDA,2026-05-02,50728898
NVDA,2024-01-03,47913510
NVDA,2024-04-03,61561645
NVDA,2024-05-03,52063930
NVDA,2024-06-03,58252030
NVDA,2024-07-03,60811916
NVDA,2024-08-03,114226906
NVDA,2024-11-03,67836412
NVDA,2024-12-03,66807515
NVDA,2025-01-03,63571289
NVDA,2025-02-03,60231816
NVDA,2025-03-03,64208616
NVDA,2025-06-03,66897593
NVDA,2025-07-03,67217127
NVDA,2025-08-03,47906279
NVDA,2025-09-03,48037231
NVDA,2025-10-03,58671936
NVDA,2026-01-03,55213608
NVDA,2026-02-03,51364758
NVDA,2026-03-03,58606723
NVDA,2026-04-03,43521227
NVDA,2024-01-04,45244149
NVDA,2024-02-04,43306355
NVDA,2024-03-04,37006655
NVDA,2024-04-04,43496492
NVDA,2024-05-04,39967846
NVDA,2024-08-04,28322000
NVDA,2024-09-04,50354735
NVDA,2024-10-04,43192853
NVDA,2024-11-04,43163727
NVDA,2024-12-04,42680479
NVDA,2025-03-04,44307695
NVDA,2025-04-04,37045302
NVDA,2025-05-04,49539951
NVDA,2025-06-04,44726034
NVDA,2025-07-04,87519800
NVDA,2025-10-04,59634051
NVDA,2025-11-04,43855937
NVDA,2025-12-04,51220753
NVDA,2026-01-04,42464073
NVDA,2026-02-04,55101078
NVDA,2026-05-04,38897076
NVDA,2026-06-04,36370870
NVDA,2024-01-05,55986317
NVDA,2024-02-05,37789754
NVDA,2024-03-05,39834072
NVDA,2024-06-05,37620255
NVDA,2024-07-05,43734161
NVDA,2024-08-05,32572102
NVDA,2024-09-05,37801268
NVDA,2024-10-05,33532541
NVDA,2025-01-05,28968017
NVDA,2025-02-05,29650708
NVDA,2025-03-05,41773545
NVDA,2025-04-05,32395182
NVDA,2025-05-05,35969103
NVDA,2025-08-05,31876446
NVDA,2025-09-05,32894646
NVDA,2025-10-05,54864799
NVDA,2025-11-05,83506528
NVDA,2025-12-05,42949367
NVDA,2026-04-05,65272789
NVDA,2026-05-05,55744193
NVDA,2026-06-05,48735033
NVDA,2026-07-05,61326250
NVDA,2024-03-06,43839176
NVDA,2024-04-06,40332401
NVDA,2024-05-06,52840178
NVDA,2024-06-06,66469619
NVDA,2024-07-06,41238580
NVDA,2024-10-06,314162650
NVDA,2024-11-06,222551158
NVDA,2024-12-06,299595001
NVDA,2025-01-06,260704537
NVDA,2025-02-06,309320376
NVDA,2025-05-06,288504444
NVDA,2025-06-06,294335054
NVDA,2025-08-06,517768425
NVDA,2025-09-06,655484664
NVDA,2025-12-06,476060866
NVDA,2026-01-06,425787456
NVDA,2026-02-06,362975918
NVDA,2026-03-06,252571693
NVDA,2026-04-06,315516740
NVDA,2024-01-07,284885534
NVDA,2024-02-07,218373969
NVDA,2024-03-07,215748955
NVDA,2024-05-07,214176689
NVDA,2024-08-07,237677322
NVDA,2024-09-07,287020820
NVDA,2024-10-07,248978569
NVDA,2024-11-07,374782738
NVDA,2024-12-07,252680535
NVDA,2025-03-07,208326164
NVDA,2025-04-07,214769515
NVDA,2025-05-07,390086189
NVDA,2025-06-07,320979530
NVDA,2025-07-07,217223800
NVDA,2025-10-07,258068943
NVDA,2025-11-07,173910983
NVDA,2025-12-07,327776884
NVDA,2026-01-07,460067019
NVDA,2026-02-07,293399073
NVDA,2026-05-07,248152068
NVDA,2026-06-07,486833274
NVDA,2026-07-07,473174182
NVDA,2024-01-08,523462326
NVDA,2024-02-08,482027464
NVDA,2024-05-08,552842375
NVDA,2024-06-08,409012089
NVDA,2024-07-08,411440423
NVDA,2024-08-08,391910023
NVDA,2024-09-08,290844157
NVDA,2024-12-08,325559870
NVDA,2025-01-08,312646660
NVDA,2025-02-08,339246407
NVDA,2025-03-08,318086673
NVDA,2025-04-08,302589872
NVDA,2025-07-08,318333577
NVDA,2025-08-08,300087415
NVDA,2025-09-08,257883572
NVDA,2025-10-08,376189076
NVDA,2025-11-08,323230332
NVDA,2026-02-08,331964672
NVDA,2026-03-08,303134573
NVDA,2026-04-08,448101115
NVDA,2026-05-08,453023305
NVDA,2026-06-08,333751583
NVDA,2024-03-09,477155100
NVDA,2024-04-09,372470291
NVDA,2024-05-09,306850696
NVDA,2024-06-09,413638098
NVDA,2024-09-09,273912015
NVDA,2024-10-09,268283736
NVDA,2024-11-09,441422370
NVDA,2024-12-09,367100496
NVDA,2025-01-09,238358328
NVDA,2025-04-09,248772308
NVDA,2025-05-09,231925876
NVDA,2025-06-09,310318937
NVDA,2025-07-09,293506438
NVDA,2025-08-09,382462428
NVDA,2025-11-09,206228490
NVDA,2025-12-09,354966772
NVDA,2026-01-09,284692948
NVDA,2026-02-09,302582868
NVDA,2026-03-09,271009175
NVDA,2026-06-09,227053651
NVDA,2024-01-10,302094485
NVDA,2024-02-10,221845887
NVDA,2024-03-10,277117973
NVDA,2024-04-10,244465552
NVDA,2024-07-10,346250233
NVDA,2024-08-10,285722485
NVDA,2024-09-10,246191612
NVDA,2024-10-10,242311337
NVDA,2024-11-10,170209474
NVDA,2025-02-10,232347668
NVDA,2025-03-10,377831021
NVDA,2025-04-10,264879720
NVDA,2025-05-10,306435921
NVDA,2025-06-10,176090184
NVDA,2025-09-10,264554514
NVDA,2025-10-10,226311589
NVDA,2025-11-10,285930038
NVDA,2025-12-10,172354888
NVDA,2026-01-10,205122109
NVDA,2026-04-10,173586745
NVDA,2026-05-10,157593634
NVDA,2026-06-10,179418082
NVDA,2026-07-10,270039641
NVDA,2024-01-11,207127838
NVDA,2024-04-11,187528173
NVDA,2024-05-11,160537373
NVDA,2024-06-11,242043945
NVDA,2024-07-11,207323303
NVDA,2024-08-11,175665830
NVDA,2024-11-11,182325620
NVDA,2024-12-11,198634738
NVDA,2025-01-11,191903267
NVDA,2025-02-11,194463301
NVDA,2025-03-11,250132869
NVDA,2025-06-11,221865993
NVDA,2025-07-11,227834912
NVDA,2025-08-11,309871654
NVDA,2025-09-11,400946570
NVDA,2025-10-11,236406154
NVDA,2026-01-11,344941875
NVDA,2026-02-11,190287654
NVDA,2026-03-11,226370912
TSLA,2025-04-11,148549913
TSLA,2025-05-11,135401335
TSLA,2025-06-11,132353196
TSLA,2023-01-12,121331709
TSLA,2023-04-12,104099817
TSLA,2023-05-12,137971115
TSLA,2023-06-12,126436179
TSLA,2023-07-12,107142262
TSLA,2023-08-12,103126829
TSLA,2023-11-12,97913888
TSLA,2023-12-12,95328313
TSLA,2024-01-12,146286348
TSLA,2024-02-12,160829239
TSLA,2024-03-12,135932762
TSLA,2024-06-12,116416490
TSLA,2024-07-12,106737369
TSLA,2024-08-12,125096987
TSLA,2024-09-12,109594227
TSLA,2024-10-12,93370094
TSLA,2025-02-12,86892382
TSLA,2025-03-12,106494359
TSLA,2025-04-12,113619943
TSLA,2025-05-12,100891578
TSLA,2024-02-01,104654163
TSLA,2024-03-01,121082599
TSLA,2024-04-01,102629283
TSLA,2024-05-01,92488939
TSLA,2024-08-01,85166580
TSLA,2024-09-01,96705664
TSLA,2024-10-01,91628502
TSLA,2024-11-01,105873612
TSLA,2024-12-01,123043812
TSLA,2025-04-01,115355046
TSLA,2025-05-01,103164400
TSLA,2025-06-01,108595431
TSLA,2025-07-01,102260343
TSLA,2025-10-01,117952527
TSLA,2025-11-01,106605946
TSLA,2025-12-01,123369932
TSLA,2026-01-01,198076787
TSLA,2026-02-01,107343231
TSLA,2026-05-01,125013148
TSLA,2026-06-01,109982327
TSLA,2026-07-01,103221430
TSLA,2024-01-02,91843275
TSLA,2024-02-02,110612672
TSLA,2024-05-02,134294447
TSLA,2024-06-02,122675954
TSLA,2024-07-02,111535217
TSLA,2024-08-02,83034043
TSLA,2024-09-02,84476347
TSLA,2024-12-02,95498597
TSLA,2025-01-02,86759478
TSLA,2025-02-02,81202987
TSLA,2025-03-02,120831762
TSLA,2025-04-02,111346705
TSLA,2025-08-02,104545762
TSLA,2025-09-02,103844008
TSLA,2025-10-02,92739461
TSLA,2025-11-02,78841917
TSLA,2026-02-02,111747116
TSLA,2026-03-02,108645412
TSLA,2026-04-02,99806173
TSLA,2026-05-02,85906974
TSLA,2024-01-03,82243119
TSLA,2024-04-03,134334869
TSLA,2024-05-03,119660758
TSLA,2024-06-03,107920944
TSLA,2024-07-03,102129004
TSLA,2024-08-03,85544644
TSLA,2024-11-03,85391528
TSLA,2024-12-03,87391684
TSLA,2025-01-03,106524518
TSLA,2025-02-03,126325696
TSLA,2025-03-03,97146832
TSLA,2025-06-03,108214358
TSLA,2025-07-03,77271428
TSLA,2025-08-03,83846726
TSLA,2025-09-03,73178014
TSLA,2025-10-03,75580637
TSLA,2026-01-03,74228615
TSLA,2026-02-03,113186227
TSLA,2026-03-03,81804043
TSLA,2026-04-03,77654838
TSLA,2024-01-04,81562127
TSLA,2024-02-04,116650594
TSLA,2024-03-04,82950141
TSLA,2024-04-04,123161960
TSLA,2024-05-04,143157603
TSLA,2024-08-04,104423320
TSLA,2024-09-04,103232675
TSLA,2024-10-04,84532407
TSLA,2024-11-04,94515987
TSLA,2024-12-04,64722669
TSLA,2025-03-04,100245310
TSLA,2025-04-04,96999956
TSLA,2025-05-04,82439718
TSLA,2025-06-04,96098830
TSLA,2025-07-04,87074500
TSLA,2025-10-04,107097564
TSLA,2025-11-04,124545104
TSLA,2025-12-04,181178020
TSLA,2026-01-04,126427521
TSLA,2026-02-04,109815725
TSLA,2026-05-04,243869678
TSLA,2026-06-04,127031787
TSLA,2024-01-05,92829719
TSLA,2024-02-05,89148041
TSLA,2024-03-05,75491539
TSLA,2024-06-05,84390253
TSLA,2024-07-05,75045854
TSLA,2024-08-05,79969488
TSLA,2024-09-05,65950292
TSLA,2024-10-05,72627178
TSLA,2025-01-05,67018903
TSLA,2025-02-05,86407422
TSLA,2025-03-05,79662993
TSLA,2025-04-05,59812220
TSLA,2025-05-05,77445845
TSLA,2025-08-05,61727425
TSLA,2025-09-05,115266512
TSLA,2025-10-05,88313477
TSLA,2025-11-05,71975496
TSLA,2025-12-05,65584478
TSLA,2026-04-05,59736620
TSLA,2026-05-05,54782649
TSLA,2026-06-05,77784755
TSLA,2026-07-05,67314602
TSLA,2024-03-06,68568920
TSLA,2024-04-06,60056340
TSLA,2024-05-06,57953756
TSLA,2024-06-06,69887024
TSLA,2024-07-06,56244932
TSLA,2024-10-06,50869682
TSLA,2024-11-06,64761928
TSLA,2024-12-06,90389446
TSLA,2025-01-06,118984122
TSLA,2025-02-06,82038194
TSLA,2025-05-06,109786083
TSLA,2025-06-06,68982265
TSLA,2025-08-06,55893139
TSLA,2025-09-06,63029482
TSLA,2025-12-06,61992070
TSLA,2026-01-06,63678265
TSLA,2026-02-06,95737066
TSLA,2026-03-06,72746521
TSLA,2026-04-06,95438068
TSLA,2024-01-07,135691395
TSLA,2024-02-07,205047920
TSLA,2024-03-07,166561471
TSLA,2024-05-07,154501152
TSLA,2024-08-07,157219580
TSLA,2024-09-07,160742516
TSLA,2024-10-07,128519430
TSLA,2024-11-07,221707273
TSLA,2024-12-07,155955773
TSLA,2025-03-07,146912920
TSLA,2025-04-07,126332470
TSLA,2025-05-07,115584810
TSLA,2025-06-07,110869037
TSLA,2025-07-07,87403903
TSLA,2025-10-07,101225430
TSLA,2025-11-07,111928192
TSLA,2025-12-07,167942939
TSLA,2026-01-07,100636466
TSLA,2026-02-07,94604145
TSLA,2026-05-07,129201789
TSLA,2026-06-07,100560334
TSLA,2026-07-07,67497011
TSLA,2024-01-08,83861898
TSLA,2024-02-08,82880120
TSLA,2024-05-08,100308836
TSLA,2024-06-08,73783942
TSLA,2024-07-08,71159778
TSLA,2024-08-08,65033874
TSLA,2024-09-08,58648274
TSLA,2024-12-08,64044903
TSLA,2025-01-08,76247387
TSLA,2025-02-08,70250014
TSLA,2025-03-08,89848530
TSLA,2025-04-08,88765122
TSLA,2025-07-08,76435222
TSLA,2025-08-08,74001182
TSLA,2025-09-08,70145964
TSLA,2025-10-08,79514482
TSLA,2025-11-08,81525207
TSLA,2026-02-08,59301187
TSLA,2026-03-08,62821390
TSLA,2026-04-08,64116350
TSLA,2026-05-08,62308818
TSLA,2026-06-08,63370608
TSLA,2024-03-09,76714222
TSLA,2024-04-09,80651767
TSLA,2024-05-09,119355013
TSLA,2024-06-09,112177004
TSLA,2024-09-09,67443518
TSLA,2024-10-09,78891136
TSLA,2024-11-09,83548633
TSLA,2024-12-09,72020042
TSLA,2025-01-09,59515114
TSLA,2025-04-09,54322995
TSLA,2025-05-09,66761636
TSLA,2025-06-09,78010204
TSLA,2025-07-09,102694576
TSLA,2025-08-09,99879070
TSLA,2025-11-09,86927194
TSLA,2025-12-09,88490999
TSLA,2026-01-09,65034318
TSLA,2026-02-09,67142193
TSLA,2026-03-09,70988067
TSLA,2026-06-09,80873381
TSLA,2024-01-10,87397613
TSLA,2024-02-10,93983930
TSLA,2024-03-10,80729240
TSLA,2024-04-10,86726285
TSLA,2024-07-10,68113270
TSLA,2024-08-10,56303160
TSLA,2024-09-10,66289529
TSLA,2024-10-10,83087063
TSLA,2024-11-10,142628874
TSLA,2025-02-10,86291923
TSLA,2025-03-10,62988787
TSLA,2025-04-10,49632824
TSLA,2025-05-10,50791784
TSLA,2025-06-10,49611867
TSLA,2025-09-10,47328988
TSLA,2025-10-10,43268741
TSLA,2025-11-10,80938892
TSLA,2025-12-10,204491903
TSLA,2026-01-10,161611931
TSLA,2026-04-10,107653603
TSLA,2026-05-10,80521751
TSLA,2026-06-10,53993576
TSLA,2026-07-10,66575292
TSLA,2024-01-11,57544757
TSLA,2024-04-11,68802354
TSLA,2024-05-11,69282505
TSLA,2024-06-11,165228710
TSLA,2024-07-11,117309232
TSLA,2024-08-11,204782763
TSLA,2024-11-11,210521625
TSLA,2024-12-11,155726016
TSLA,2025-01-11,125405599
TSLA,2025-02-11,120726109
TSLA,2025-03-11,114440286
TSLA,2025-06-11,126547455
TSLA,2025-07-11,88852452
TSLA,2025-08-11,66340650
TSLA,2025-09-11,58011719
TSLA,2025-10-11,89140722
TSLA,2026-01-11,95890899
TSLA,2026-02-11,62295857
TSLA,2026-03-11,57896439
WMT,2025-04-11,7845009
WMT,2025-05-11,9965495
WMT,2025-06-11,9975262
WMT,2023-01-12,13091223
WMT,2023-04-12,8294396
WMT,2023-05-12,7294610
WMT,2023-06-12,8815799
WMT,2023-07-12,8454193
WMT,2023-08-12,11356487
WMT,2023-11-12,10627754
WMT,2023-12-12,7127340
WMT,2024-01-12,11782893
WMT,2024-02-12,10297085
WMT,2024-03-12,23334529
WMT,2024-06-12,8772004
WMT,2024-07-12,8139031
WMT,2024-08-12,7322567
WMT,2024-09-12,6695928
WMT,2024-10-12,6468547
WMT,2025-02-12,3893321
WMT,2025-03-12,6631988
WMT,2025-04-12,5592022
WMT,2025-05-12,7316066
WMT,2024-02-01,7846559
WMT,2024-03-01,6252020
WMT,2024-04-01,6427490
WMT,2024-05-01,7236501
WMT,2024-08-01,6893626
WMT,2024-09-01,7774126
WMT,2024-10-01,6707346
WMT,2024-11-01,4785069
WMT,2024-12-01,4542989
WMT,2025-04-01,5677530
WMT,2025-05-01,4942554
WMT,2025-06-01,6063537
WMT,2025-07-01,6391765
WMT,2025-10-01,4646127
WMT,2025-11-01,4022172
WMT,2025-12-01,7644287
WMT,2026-01-01,5456534
WMT,2026-02-01,5248770
WMT,2026-05-01,6080104
WMT,2026-06-01,5090004
WMT,2026-07-01,8711625
WMT,2024-01-02,6930851
WMT,2024-02-02,7223562
WMT,2024-05-02,6381690
WMT,2024-06-02,4729928
WMT,2024-07-02,5694155
WMT,2024-08-02,4809309
WMT,2024-09-02,4776622
WMT,2024-12-02,4931680
WMT,2025-01-02,6191405
WMT,2025-02-02,6161534
WMT,2025-03-02,5649619
WMT,2025-04-02,7457847
WMT,2025-08-02,23929538
WMT,2025-09-02,13517177
WMT,2025-10-02,9837645
WMT,2025-11-02,24788589
WMT,2026-02-02,32154765
WMT,2026-03-02,18012749
WMT,2026-04-02,14803289
WMT,2026-05-02,29245142
WMT,2024-01-03,19030919
WMT,2024-04-03,16033298
WMT,2024-05-03,19676884
WMT,2024-06-03,12698714
WMT,2024-07-03,16195303
WMT,2024-08-03,12143645
WMT,2024-11-03,14153969
WMT,2024-12-03,16613062
WMT,2025-01-03,15935187
WMT,2025-02-03,16584660
WMT,2025-03-03,50946329
WMT,2025-06-03,16801658
WMT,2025-07-03,12353624
WMT,2025-08-03,12007593
WMT,2025-09-03,14265872
WMT,2025-10-03,14029440
WMT,2026-01-03,14186627
WMT,2026-02-03,13738342
WMT,2026-03-03,14363410
WMT,2026-04-03,17535100
WMT,2024-01-04,13837599
WMT,2024-02-04,19510121
WMT,2024-03-04,14615103
WMT,2024-04-04,14436126
WMT,2024-05-04,10335909
WMT,2024-08-04,11070120
WMT,2024-09-04,10015922
WMT,2024-10-04,15097558
WMT,2024-11-04,10987600
WMT,2024-12-04,12280569
WMT,2025-03-04,10557182
WMT,2025-04-04,14726259
WMT,2025-05-04,15329693
WMT,2025-06-04,12061538
WMT,2025-07-04,14165797
WMT,2025-10-04,14909983
WMT,2025-11-04,17963945
WMT,2025-12-04,18529138
WMT,2026-01-04,19262954
WMT,2026-02-04,11045224
WMT,2026-05-04,9788575
WMT,2026-06-04,14209155
WMT,2024-01-05,15470975
WMT,2024-02-05,17574115
WMT,2024-03-05,14207397
WMT,2024-06-05,11119402
WMT,2024-07-05,14520240
WMT,2024-08-05,11015695
WMT,2024-09-05,14550463
WMT,2024-10-05,12356612
WMT,2025-01-05,19260522
WMT,2025-02-05,18780139
WMT,2025-03-05,22240558
WMT,2025-04-05,60545613
WMT,2025-05-05,29330381
WMT,2025-08-05,15001391
WMT,2025-09-05,17131691
WMT,2025-10-05,14879434
WMT,2025-11-05,16222946
WMT,2025-12-05,11795024
WMT,2026-04-05,13349619
WMT,2026-05-05,11538552
WMT,2026-06-05,13053481
WMT,2026-07-05,27632223
WMT,2024-03-06,11578709
WMT,2024-04-06,14780755
WMT,2024-05-06,14982667
WMT,2024-06-06,13256005
WMT,2024-07-06,20213211
WMT,2024-10-06,21667416
WMT,2024-11-06,13367514
WMT,2024-12-06,11704704
WMT,2025-01-06,11196603
WMT,2025-02-06,12590146
WMT,2025-05-06,12103044
WMT,2025-06-06,12093549
WMT,2025-08-06,13860763
WMT,2025-09-06,25891526
WMT,2025-12-06,12470448
WMT,2026-01-06,20904039
WMT,2026-02-06,14177522
WMT,2026-03-06,12899186
WMT,2026-04-06,18816720
WMT,2024-01-07,8666021
WMT,2024-02-07,9436487
WMT,2024-03-07,6287545
WMT,2024-05-07,21586100
WMT,2024-08-07,12077679
WMT,2024-09-07,9781831
WMT,2024-10-07,10803405
WMT,2024-11-07,15624796
WMT,2024-12-07,12145317
WMT,2025-03-07,10171137
WMT,2025-04-07,9836824
WMT,2025-05-07,13533791
WMT,2025-06-07,10682742
WMT,2025-07-07,11665526
WMT,2025-10-07,12666130
WMT,2025-11-07,9263561
WMT,2025-12-07,22490783
WMT,2026-01-07,18821199
WMT,2026-02-07,16789306
WMT,2026-05-07,10315305
WMT,2026-06-07,12522469
WMT,2026-07-07,22908760
WMT,2024-01-08,17275532
WMT,2024-02-08,23578664
WMT,2024-05-08,20770455
WMT,2024-06-08,14815072
WMT,2024-07-08,18499200
WMT,2024-08-08,12489819
WMT,2024-09-08,13805576
WMT,2024-12-08,17385278
WMT,2025-01-08,26557901
WMT,2025-02-08,22928551
WMT,2025-03-08,49567500
WMT,2025-04-08,19872144
WMT,2025-07-08,13709265
WMT,2025-08-08,14433985
WMT,2025-09-08,14831992
WMT,2025-10-08,16511139
WMT,2025-11-08,12299093
WMT,2026-02-08,9508215
WMT,2026-03-08,11557762
WMT,2026-04-08,9814264
WMT,2026-05-08,11856787
WMT,2026-06-08,23229975
WMT,2024-03-09,22666144
WMT,2024-04-09,18442775
WMT,2024-05-09,13082893
WMT,2024-06-09,14548588
WMT,2024-09-09,22260226
WMT,2024-10-09,17686284
WMT,2024-11-09,19518761
WMT,2024-12-09,14884852
WMT,2025-01-09,12994100
WMT,2025-04-09,15346367
WMT,2025-05-09,21065938
WMT,2025-06-09,15684878
WMT,2025-07-09,21525685
WMT,2025-08-09,39534251
WMT,2025-11-09,12147264
WMT,2025-12-09,14651133
WMT,2026-01-09,14163785
WMT,2026-02-09,17061133
WMT,2026-03-09,11899050
WMT,2026-06-09,19008187
WMT,2024-01-10,16054249
WMT,2024-02-10,16618272
WMT,2024-03-10,11640421
WMT,2024-04-10,11591388
WMT,2024-07-10,16791646
WMT,2024-08-10,15269963
WMT,2024-09-10,12413030
WMT,2024-10-10,10812700
WMT,2024-11-10,9570734
WMT,2025-02-10,9914477
WMT,2025-03-10,13276221
WMT,2025-04-10,11123254
WMT,2025-05-10,9424705
WMT,2025-06-10,12324148
WMT,2025-09-10,9750376
WMT,2025-10-10,12240149
WMT,2025-11-10,13058244
WMT,2025-12-10,11645856
WMT,2026-01-10,8959412
WMT,2026-04-10,7990186
WMT,2026-05-10,9682403
WMT,2026-06-10,9268824
WMT,2026-07-10,15538968
WMT,2024-01-11,12181833
WMT,2024-04-11,11731043
WMT,2024-05-11,10612489
WMT,2024-06-11,19974038
WMT,2024-07-11,12665777
WMT,2024-08-11,14396543
WMT,2024-11-11,10433166
WMT,2024-12-11,12860194
WMT,2025-01-11,12802622
WMT,2025-02-11,15740732
WMT,2025-03-11,17370602
WMT,2025-06-11,25278121
WMT,2025-07-11,36340856
WMT,2025-08-11,18183193
WMT,2025-09-11,18729222
WMT,2025-10-11,23990645
WMT,2026-01-11,25078633
WMT,2026-02-11,16657022
WMT,2026-03-11,14358861
XOM,2025-04-11,20629512
XOM,2025-05-11,26802092
XOM,2025-06-11,29254687
XOM,2023-01-12,17845276
XOM,2023-04-12,21523942
XOM,2023-05-12,22250251
XOM,2023-06-12,31154792
XOM,2023-07-12,29990727
XOM,2023-08-12,22074945
XOM,2023-11-12,22252250
XOM,2023-12-12,26083964
XOM,2024-01-12,19915444
XOM,2024-02-12,26165653
XOM,2024-03-12,55527018
XOM,2024-06-12,21610428
XOM,2024-07-12,18904662
XOM,2024-08-12,20988863
XOM,2024-09-12,19250933
XOM,2024-10-12,12927831
XOM,2025-02-12,16835144
XOM,2025-03-12,14558830
XOM,2025-04-12,16329252
XOM,2025-05-12,17746408
XOM,2024-02-01,23483049
XOM,2024-03-01,23490779
XOM,2024-04-01,19395154
XOM,2024-05-01,15827392
XOM,2024-08-01,23370127
XOM,2024-09-01,19496647
XOM,2024-10-01,18206088
XOM,2024-11-01,15833360
XOM,2024-12-01,18041683
XOM,2025-04-01,20235699
XOM,2025-05-01,18384015
XOM,2025-06-01,20940275
XOM,2025-07-01,20088432
XOM,2025-10-01,19955946
XOM,2025-11-01,15863433
XOM,2025-12-01,17330646
XOM,2026-01-01,22089510
XOM,2026-02-01,20817240
XOM,2026-05-01,18317549
XOM,2026-06-01,19610934
XOM,2026-07-01,22415291
XOM,2024-01-02,19240687
XOM,2024-02-02,21973405
XOM,2024-05-02,17190890
XOM,2024-06-02,13353286
XOM,2024-07-02,13826832
XOM,2024-08-02,19636898
XOM,2024-09-02,20410510
XOM,2024-12-02,18173061
XOM,2025-01-02,18917431
XOM,2025-02-02,17651253
XOM,2025-03-02,23196310
XOM,2025-04-02,20151426
XOM,2025-08-02,17650010
XOM,2025-09-02,20999189
XOM,2025-10-02,20470668
XOM,2025-11-02,15975888
XOM,2026-02-02,13360800
XOM,2026-03-02,16359978
XOM,2026-04-02,14810486
XOM,2026-05-02,17566066
XOM,2024-01-03,18460120
XOM,2024-04-03,18137989
XOM,2024-05-03,19952712
XOM,2024-06-03,20472790
XOM,2024-07-03,15195406
XOM,2024-08-03,16281468
XOM,2024-11-03,17577285
XOM,2024-12-03,14957247
XOM,2025-01-03,17122239
XOM,2025-02-03,22121014
XOM,2025-03-03,38264401
XOM,2025-06-03,16770462
XOM,2025-07-03,14878756
XOM,2025-08-03,16119703
XOM,2025-09-03,14878022
XOM,2025-10-03,14701933
XOM,2026-01-03,14011734
XOM,2026-02-03,13152287
XOM,2026-03-03,12415674
XOM,2026-04-03,18482055
XOM,2024-01-04,13816996
XOM,2024-02-04,19919643
XOM,2024-03-04,16504307
XOM,2024-04-04,18467362
XOM,2024-05-04,21720591
XOM,2024-08-04,17513939
XOM,2024-09-04,14135720
XOM,2024-10-04,17409184
XOM,2024-11-04,17555869
XOM,2024-12-04,21556218
XOM,2025-03-04,15029528
XOM,2025-04-04,18082228
XOM,2025-05-04,14538577
XOM,2025-06-04,13821356
XOM,2025-07-04,21572367
XOM,2025-10-04,16340694
XOM,2025-11-04,13929816
XOM,2025-12-04,12101161
XOM,2026-01-04,16041029
XOM,2026-02-04,27289468
XOM,2026-05-04,17343755
XOM,2026-06-04,21083294
XOM,2024-01-05,27789759
XOM,2024-02-05,25513648
XOM,2024-03-05,28023313
XOM,2024-06-05,31401260
XOM,2024-07-05,30121973
XOM,2024-08-05,18957166
XOM,2024-09-05,17563975
XOM,2024-10-05,13648130
XOM,2025-01-05,15060619
XOM,2025-02-05,15079131
XOM,2025-03-05,18244303
XOM,2025-04-05,15745202
XOM,2025-05-05,15104469
XOM,2025-08-05,11551250
XOM,2025-09-05,14494980
XOM,2025-10-05,17879252
XOM,2025-11-05,15979835
XOM,2025-12-05,12212949
XOM,2026-04-05,13978305
XOM,2026-05-05,13902001
XOM,2026-06-05,14691976
XOM,2026-07-05,29037378
XOM,2024-03-06,19589338
XOM,2024-04-06,19412238
XOM,2024-05-06,14863516
XOM,2024-06-06,13154094
XOM,2024-07-06,13289196
XOM,2024-10-06,15245227
XOM,2024-11-06,12462403
XOM,2024-12-06,13606788
XOM,2025-01-06,14466868
XOM,2025-02-06,13313430
XOM,2025-05-06,21147943
XOM,2025-06-06,17762915
XOM,2025-08-06,17433192
XOM,2025-09-06,52220574
XOM,2025-12-06,16266688
XOM,2026-01-06,16213682
XOM,2026-02-06,15771751
XOM,2026-03-06,16812731
XOM,2026-04-06,24565910
XOM,2024-01-07,11972881
XOM,2024-02-07,13326703
XOM,2024-03-07,7732928
XOM,2024-05-07,12630986
XOM,2024-08-07,13350549
XOM,2024-09-07,11729085
XOM,2024-10-07,10004094
XOM,2024-11-07,13084875
XOM,2024-12-07,11684946
XOM,2025-03-07,13032503
XOM,2025-04-07,13614050
XOM,2025-05-07,13602766
XOM,2025-06-07,13033563
XOM,2025-07-07,16157707
XOM,2025-10-07,12065877
XOM,2025-11-07,11251733
XOM,2025-12-07,14925184
XOM,2026-01-07,17021698
XOM,2026-02-07,11252479
XOM,2026-05-07,8861806
XOM,2026-06-07,12483857
XOM,2026-07-07,15137710
XOM,2024-01-08,15051482
XOM,2024-02-08,20403773
XOM,2024-05-08,18025858
XOM,2024-06-08,13647778
XOM,2024-07-08,13660657
XOM,2024-08-08,13850993
XOM,2024-09-08,12151867
XOM,2024-12-08,13228911
XOM,2025-01-08,11585067
XOM,2025-02-08,12194520
XOM,2025-03-08,11579432
XOM,2025-04-08,10056024
XOM,2025-07-08,12417467
XOM,2025-08-08,15631967
XOM,2025-09-08,11752358
XOM,2025-10-08,10609501
XOM,2025-11-08,10381431
XOM,2026-02-08,13671016
XOM,2026-03-08,9991631
XOM,2026-04-08,10742867
XOM,2026-05-08,10753895
XOM,2026-06-08,13284689
XOM,2024-03-09,15725139
XOM,2024-04-09,12620584
XOM,2024-05-09,17200770
XOM,2024-06-09,13467747
XOM,2024-09-09,21645325
XOM,2024-10-09,20913405
XOM,2024-11-09,19571945
XOM,2024-12-09,15923318
XOM,2025-01-09,10035392
XOM,2025-04-09,11729034
XOM,2025-05-09,12202556
XOM,2025-06-09,12569929
XOM,2025-07-09,12660642
XOM,2025-08-09,36206195
XOM,2025-11-09,16066285
XOM,2025-12-09,11984863
XOM,2026-01-09,13816041
XOM,2026-02-09,16887908
XOM,2026-03-09,15963973
XOM,2026-06-09,13250657
XOM,2024-01-10,23235878
XOM,2024-02-10,17129676
XOM,2024-03-10,16524334
XOM,2024-04-10,19759207
XOM,2024-07-10,15714440
XOM,2024-08-10,14818475
XOM,2024-09-10,11144864
XOM,2024-10-10,10243320
XOM,2024-11-10,8294839
XOM,2025-02-10,9808122
XOM,2025-03-10,15771317
XOM,2025-04-10,8426770
XOM,2025-05-10,11204857
XOM,2025-06-10,12898640
XOM,2025-09-10,10177777
XOM,2025-10-10,9201408
XOM,2025-11-10,8320330
XOM,2025-12-10,9905556
XOM,2026-01-10,10714583
XOM,2026-04-10,11844545
XOM,2026-05-10,14731024
XOM,2026-06-10,12303738
XOM,2026-07-10,20511977
XOM,2024-01-11,20939321
XOM,2024-04-11,14965433
XOM,2024-05-11,10436744
XOM,2024-06-11,20807681
XOM,2024-07-11,12184431
XOM,2024-08-11,12835969
XOM,2024-11-11,11969663
XOM,2024-12-11,11972802
XOM,2025-01-11,15127877
XOM,2025-02-11,13041845
XOM,2025-03-11,19051713
XOM,2025-06-11,14243701
XOM,2025-07-11,11584382
XOM,2025-08-11,11360932
XOM,2025-09-11,14675422
XOM,2025-10-11,13323431
XOM,2026-01-11,26580295
XOM,2026-02-11,14827327
XOM,2026-03-11,11079122
